EmployeeID,Name,Department,Age,Salary,City,JoiningDate,Email,Phone,Performance
1454,Randall Richardson,Sales,27,63251,South Chadport,2019-11-06,nelsonryan@griffin.com,9745717285,Average
1638,Valerie Garcia Md,Finance,40,84957,Lake John,2019-08-19,charles55@hotmail.com,3291973649,Average
2134,Megan Osborn,IT,27,114707,New Rachelmouth,2020-07-06,hurleyjason@gmail.com,Invalid Number,Good
1452,Sharon Bonilla,IT,55,78545,Lake Tinafurt,2021-06-01,valeriecain@yahoo.com,6002709228,Average
1867,Sandra Graham,HR,44,96729,North Veronica,2020-07-17,christine46@gmail.com,6802411051,Poor
2068,Kristy Martin,Finance,27,91323,Danielville,2020-06-03,stevencannon@gmail.com,1028456507,Excellent
1421,Shelley Pace,HR,45,107757,New Victorshire,2019-03-14,epitts@gmail.com,5090585316,Poor
1275,Michael Ramirez,Operations,59,55994,Reneeborough,2020-11-07,sjohnson@gmail.com,Invalid Number,Good
1652,Dawn Jackson,Sales,40,33321,West Robert,2019-02-13,umiller@gmail.com,4831527774,Excellent
1467,Ashley Dixon,Finance,49,96420,Millerton,2020-06-20,aliciamartin@howard-williams.com,9436923996,Poor
1745,David Walker,IT,36,99039,Sophiafurt,2024-02-11,andrewjoseph@yahoo.com,7371093442,Average
1482,Cynthia Johnson,Finance,40,77144,Lake Kathy,2023-03-21,raymondnorris@miller.com,7048396994,Poor
1931,Chad Carson,Marketing,42,47368,West Cynthia,2020-09-06,thomas41@yahoo.com,8930800843,Average
1129,Daniel Griffin,Marketing,44,78996,New Stephanietown,2022-03-05,smithregina@shea.com,Invalid Number,Good
1123,Rhonda Nixon,Marketing,40,29448,Port Debra,2025-05-21,Invalid Email,7700299807,Good
1428,Courtney Taylor,Marketing,60,88015,Nashview,2025-01-02,ashley63@yahoo.com,2054664657,Poor
1762,Nicole Reed,Marketing,47,63098,Cannonview,2021-08-30,johnsontimothy@murphy-zamora.org,4903366350,Poor
1534,Melissa Walton,Marketing,29,71300,South Shane,2025-06-21,phillipmendez@jimenez-villa.org,9865416559,Excellent
2115,James Davis,Operations,39,104959,Port Jennifer,2019-05-25,rodriguezjason@hancock-maldonado.com,8277943059,Good
1573,Brian Grimes,Finance,48,79413,Lake Sarahfurt,2023-05-06,markyoung@gmail.com,4666763289,Excellent
1793,Steven Johnson,Finance,54,84131,Claireborough,2025-10-21,veronicareynolds@yahoo.com,2682682492,Excellent
1086,Katherine Dawson,Operations,49,109678,Lake Elizabeth,2025-10-27,jessicaflowers@yahoo.com,2025437547,Good
1159,Jason Lynn,Sales,39,56518,Wrightborough,2022-03-19,rebecca23@yahoo.com,4865240156,Average
1624,Natalie Jones,IT,54,62161,North Johnfurt,2024-11-19,jgomez@hotmail.com,8901753054,Good
1375,Nathan Coleman,HR,32,35487,Port Charlesmouth,2026-11-04,millermark@daniels.biz,5789106670,Excellent
1246,Ryan Anthony,HR,41,88010,North Glennfurt,2020-04-24,ryanhenry@gmail.com,2312214001,Poor
1729,Scott Burke,HR,58,51499,Port Ericview,2024-09-16,ortizrebecca@rodriguez-myers.com,8036300710,Excellent
2009,Michelle Frey,Finance,53,102990,Port Patrick,2019-12-06,tommymiller@olson.com,4414719113,Good
1968,Nicholas Smith,IT,23,37978,Port Brettton,2026-03-18,kellypatton@gmail.com,8673074005,Poor
1263,Paul Sullivan,Operations,52,117916,North Sarah,2026-05-31,grace56@griffin.com,6333947763,Excellent
2091,Phillip Ramirez,Marketing,51,100786,Dunlapstad,2023-04-27,daniel46@tran.org,7044206576,Excellent
1258,Lisa Allen,Marketing,53,26542,South Angelaport,2019-05-03,jordan96@yahoo.com,7421212253,Poor
1174,Carrie Bowen,Operations,50,26938,Karenville,2025-04-26,kaylasanchez@leonard.info,8208366784,Excellent
1909,Sara Yates,Marketing,52,77678,North Dennishaven,2021-07-12,Invalid Email,5208983358,Poor
1408,Bradley Brown,Finance,31,101689,Lake Cassidyton,2019-04-18,rwilliams@hotmail.com,2328103110,Average
1451,Steven Rivera,IT,52,92659,Rachelland,2021-03-27,meadowsmichael@richardson-jones.info,8893646557,Excellent
1005,Joshua Gillespie,HR,32,86784,West Bruce,2019-05-28,jamesperez@hotmail.com,4911109492,Average
1744,Regina Morris,Finance,54,109961,East James,2021-02-21,Invalid Email,4497052085,Poor
1445,Gerald Burgess,HR,58,47073,Jonathanview,2020-08-15,baileydawn@hotmail.com,9506468074,Average
1742,Kelly Tucker,Operations,42,42861,Leonardland,2020-01-13,cheyennedixon@hotmail.com,5263989906,Good
1092,Michael Taylor,IT,31,39894,West Sandraport,2023-02-10,mariaschmidt@gmail.com,7463762587,Average
1697,Nicole Williams,HR,40,110885,Lewisberg,2024-02-14,Invalid Email,8116594401,Average
1559,Stephanie Green,HR,28,66960,North Brucemouth,2021-08-23,brian00@rosales-sanchez.com,4719626092,Excellent
1746,Mary Turner,IT,59,104043,Markview,2021-10-27,reyesmichael@gmail.com,Invalid Number,Excellent
1395,Tyler Brooks,Marketing,38,110887,North Richard,2024-01-16,staceybutler@diaz.info,1327698789,Good
1276,Karen Jones,Operations,43,43432,Wendybury,2021-12-30,alexander59@hill-vargas.com,4115358970,Good
1050,Jessica Zimmerman,Sales,55,47916,Port Annton,2018-09-28,carlashort@barrett.com,2314552394,Good
1342,Alejandra Smith,Finance,28,65739,East Patrick,2021-01-29,jonesrachael@gmail.com,4212921341,Good
1184,Brian Romero,Sales,53,76378,New Candace,2026-04-13,scottkyle@hotmail.com,9601284487,Excellent
1794,Jennifer Palmer,HR,27,55875,Holderborough,2025-03-17,matthewmunoz@smith.com,2693019941,Good
1591,Jake Jones,Operations,57,53961,Lake Patricia,2019-01-30,williamshelen@hotmail.com,5084898337,Average
1033,Leah Cortez,Marketing,35,43184,Emmafort,2023-02-06,iyoung@hotmail.com,9470632796,Average
2105,James Hill,Operations,58,49143,Ellisfurt,2025-03-22,lynncarpenter@yahoo.com,7135543112,Good
1753,Jonathan Martinez,IT,40,27065,Johnsonmouth,2023-04-07,josephmurillo@smith.com,1435282389,Average
1323,Jessica Walter,Finance,43,78744,Lake Maryfurt,2021-09-09,cassie65@gmail.com,8306416833,Good
1802,Jorge Moore,HR,31,33748,Port Erica,2026-04-21,sandyburns@duran-ferguson.net,4649058599,Excellent
1661,Richard Miller,Sales,50,100657,Reynoldstown,2025-05-14,charlesperkins@hotmail.com,9404556631,Good
1523,Hayley Young,Operations,39,117150,North Austin,2018-11-20,cindy16@roberts.com,2486054714,Good
1427,Stephen Moore,Finance,44,76470,East Thomas,2024-08-17,boydtiffany@gmail.com,4063551739,Poor
1235,Nicholas Brown,Marketing,34,99410,South Debbie,2023-10-12,james92@yahoo.com,4283515209,Average
2039,Sarah Cordova,IT,60,83034,Deanside,2019-12-16,pedronguyen@gray.com,5215673995,Average
1964,Beverly Walls,Operations,30,26146,Kevinmouth,2025-08-19,smithcarrie@hotmail.com,8496923734,Average
2198,Jennifer Rogers,Marketing,28,38358,Wardfurt,2019-11-16,danielscott@yahoo.com,2249072634,Good
1997,James Sanders,HR,27,117668,Grantbury,2026-02-15,jennifer91@hotmail.com,9932753948,Good
1713,Victoria Yoder,Finance,37,73878,Allenside,2022-10-11,westangela@chang.com,2989583524,Average
1535,Patrick Alvarez,Operations,27,43114,West James,2019-11-25,christopher99@bryant.com,2712367280,Average
2138,April Sanchez,Finance,33,74690,Palmerhaven,2019-12-16,michael29@lewis.biz,3336941935,Good
1898,Nancy Valdez,Finance,49,56720,Hayeschester,2020-09-07,paulelliott@hotmail.com,7035305658,Excellent
1517,Sarah Snyder,HR,29,75091,Port Gail,2021-01-02,amanda54@mack.com,4355676543,Excellent
1010,Paul Williams,HR,60,84824,New Mark,2023-04-27,leah84@gmail.com,8828193146,Average
1350,Alexis Dalton,IT,21,91543,South Spencer,2025-01-23,randy39@ortiz.com,4806429969,Good
1079,Ana Scott,HR,43,65380,New Phillip,2023-10-20,timothyyoung@holloway.com,9691643360,Poor
1837,Justin Johnson,Marketing,45,61826,East Emily,2020-11-20,ellismarcus@gmail.com,7909401754,Poor
1143,Rebecca Baird,Finance,33,53415,South Chadport,2023-10-28,alan38@yahoo.com,8599480593,Excellent
1650,Angela Hartman,IT,48,50065,North Jeffery,2019-06-07,gouldlatoya@rios-hooper.net,7367235893,Excellent
1047,Carol Kim,IT,22,43829,Lake Amymouth,2020-10-13,paul50@hayes.com,8066863801,Excellent
2155,Melissa Sosa,Sales,33,74205,Marychester,2023-05-28,nhensley@perry.info,3701178441,Average
1718,Amber Hernandez,IT,50,29830,Porterberg,2022-02-25,upierce@gmail.com,1051874439,Average
1244,Mario Murray,Finance,35,47801,South Jeffreymouth,2018-06-19,castanedajohnny@hotmail.com,1337874614,Good
1478,Patrick Hernandez,IT,56,87100,Morganville,2025-05-14,lcoleman@gmail.com,4109327107,Average
2024,Amanda Rogers,Finance,55,36411,South Amber,2020-04-28,ecoffey@griffith.com,5262537730,Good
1185,Darryl Ford,Sales,23,42687,Keithmouth,2019-07-18,qhurst@flores.biz,8770251786,Average
1045,Robert Nixon,Finance,25,93841,Lindashire,2025-03-05,jason15@hotmail.com,7181314094,Poor
2053,Cindy Fox Md,IT,60,76568,Lake Victor,2021-08-12,johnsondeborah@gmail.com,1977697024,Average
1286,Yvette Gonzalez,Operations,45,107793,New Joyce,2025-10-22,leonardmartinez@gmail.com,9498668800,Average
1211,Luis Peters,Finance,43,107961,Thomasville,2020-12-09,perezstephanie@hotmail.com,4829612188,Poor
1330,Cathy Reyes,IT,43,29018,Port Kimtown,2023-07-22,parrishkimberly@peters.net,1793543800,Average
2070,Lori Cannon,IT,29,83385,New Staceyfurt,2021-08-31,cpeterson@roth.com,6502375808,Good
1316,Nicholas Turner,HR,40,119227,Baileyshire,2022-01-30,fowlerbrad@hotmail.com,2699750977,Excellent
1576,Christopher Owens,IT,57,101275,Stephanietown,2021-09-24,garciasherri@yahoo.com,9954013739,Excellent
2067,Emily Thompson,Marketing,58,87280,West Robertbury,2025-01-10,michaelwilliams@gmail.com,6294375653,Good
1107,Jaime Willis,Operations,54,57983,Villanuevastad,2018-11-23,williampeterson@yahoo.com,7611073280,Good
1380,Taylor Carter,IT,42,72736,East Christopherport,2019-03-14,jmoran@flowers.net,4657744438,Excellent
1466,Elizabeth Mann,Finance,40,26048,Mcclainberg,2022-05-28,jenniferhickman@peterson.net,3533295621,Excellent
1680,Stephanie Rogers,HR,41,59150,East Jillbury,2020-10-08,dustinreyes@yahoo.com,4992446669,Good
1175,Sandra Wood,Finance,51,74349,Lake Emily,2024-05-30,yrodriguez@clarke-acevedo.net,9231205302,Average
1309,Mark Griffin,Marketing,41,39262,North Theodorestad,2022-05-20,kennethjordan@mcconnell-davis.org,3527679737,Average
1127,Denise Kelly,IT,50,68206,South Richard,2021-04-28,kelsey99@gmail.com,3157132328,Average
1325,Mr. Matthew Myers,IT,34,39335,New Meganshire,2020-05-28,christopher75@gmail.com,7220230535,Poor
1419,James Schultz,Finance,34,81581,East Michaelfort,2022-04-24,nathan61@durham.com,4491945854,Excellent
1722,Matthew Boyle,Finance,27,35367,East Emilymouth,2019-10-04,charlesbradley@ingram.com,1353958677,Poor
1476,Gregory Jones,Finance,40,55136,North Christina,2026-03-30,kirkmichael@bruce.com,7454817474,Excellent
1070,Robert Hawkins Jr.,Marketing,58,88468,West Shannon,2023-07-15,llambert@gmail.com,4432261978,Good
1532,Christian Garcia,Marketing,53,112479,South Jaredland,2019-08-15,amandashaffer@murphy.org,1875239409,Good
1550,Dr. Julie Kennedy,HR,28,45827,North Joshua,2025-08-24,qkim@gmail.com,4987800798,Good
1474,Alicia Peters,HR,53,98990,North Davidborough,2024-12-16,twilson@yahoo.com,9478728871,Poor
1420,Amy Stevens,Sales,32,77298,Wilsonville,2023-09-07,xmorrow@gmail.com,Invalid Number,Excellent
1361,Marvin Gordon,IT,44,117038,Joshuabury,2021-08-20,markandersen@adams.com,4329425253,Poor
1604,Eric Patton,Marketing,43,68209,North Amber,2020-01-12,mharper@gmail.com,2054801787,Average
2164,Eileen Peterson,IT,40,107845,Webbview,2025-05-14,Invalid Email,7700497314,Good
1679,Mathew Acosta,Sales,44,31863,Leeland,2019-12-31,kevinvelasquez@hampton.com,4567181870,Average
2122,Brandon Gibson,Sales,36,47445,Wellsburgh,2023-05-31,nichole82@ho-gregory.com,Invalid Number,Poor
1110,Michelle Ferguson,Sales,43,94256,Martinezmouth,2025-11-16,carol17@livingston.org,Invalid Number,Excellent
1381,Emma Edwards,Marketing,54,102856,East Danielton,2024-11-20,jessicaturner@marshall.com,9917468621,Good
1149,Kayla Nicholson,Sales,33,118700,Christopherland,2025-07-01,ramosjacob@yahoo.com,3208313565,Good
1897,Katelyn Mooney,Sales,50,62271,Cohenview,2019-12-30,sreynolds@yahoo.com,5209246574,Good
1268,Kayla Burton,Operations,48,88307,Rubentown,2022-08-02,howellandrew@hotmail.com,Invalid Number,Excellent
1487,Linda Pineda,Marketing,34,49522,Port Mary,2022-10-11,john18@gmail.com,1088261221,Excellent
1294,Patrick Anderson,HR,51,119871,Melissaton,2023-07-30,timothyortiz@yahoo.com,7063503922,Poor
1169,Christopher Reynolds,IT,23,71364,South Gregoryland,2026-04-13,watkinspatricia@hotmail.com,2505982605,Average
1900,Peter Estrada,Sales,21,60963,Hebertport,2018-08-31,iwilson@yahoo.com,6863177891,Poor
1215,Nancy Anderson,Sales,55,79830,Port Drewland,2026-01-01,chamberscarolyn@gmail.com,3045166176,Average
2111,Lindsey Becker,HR,33,91304,Lake Donna,2024-09-04,uhickman@hotmail.com,8494641796,Excellent
1752,Tiffany Harris,Sales,42,62307,Lake Sheri,2025-07-08,olopez@gray-clayton.org,3652753225,Average
1157,Devin Barrett,HR,48,69665,Port Henry,2023-06-08,scottbridges@hotmail.com,8672508224,Average
1388,Megan Stevens,Sales,58,45789,Rosshaven,2026-12-05,williamscraig@mcdonald.com,9668813116,Excellent
1648,David Bailey,Finance,33,99133,Port Andreastad,2021-12-24,tsnyder@yahoo.com,5594734000,Average
1023,Sean Owen,Operations,34,114515,North Keith,2022-04-17,jasonjackson@yahoo.com,Invalid Number,Poor
1296,Emily Horton,Operations,27,54297,Millerbury,2019-09-14,judith26@wood.com,6804996820,Poor
1539,Jason Stewart,HR,39,110448,West Phyllis,2021-07-23,zachary42@smith.net,8552409516,Good
2045,Anna Lopez,Operations,53,97167,Lake Jonathanstad,2019-12-21,chelseasweeney@reyes-white.info,Invalid Number,Poor
1786,Jennifer Foster,Finance,40,97279,Katherineland,2023-10-12,jordankatrina@hotmail.com,3832977201,Average
1676,Caitlin Vance Dvm,Sales,29,58062,New Vincentport,2023-05-28,carlforbes@hotmail.com,6441360439,Poor
1038,Jade Tate,Finance,59,26183,Lake Charlottestad,2025-08-12,kristopher91@gmail.com,Invalid Number,Good
1511,Sarah Bauer,Operations,42,77704,Jeffstad,2019-09-08,rogersrebecca@gallegos.net,9719345656,Poor
1233,Kathy Brooks,IT,42,30021,Angelaland,2022-03-22,howarddavid@espinoza-ortiz.com,3618628062,Poor
2130,Michelle Rodriguez,Marketing,32,98253,Deanmouth,2019-10-08,stephanie29@acevedo-hardin.com,2153266260,Poor
1628,Michael Johnson,IT,54,114513,Howellborough,2019-07-09,nancy79@delgado-huerta.info,5770810206,Excellent
1584,Dana Hood,Finance,42,101373,Popefurt,2019-01-22,patrick13@sanchez.com,3205097376,Poor
1645,Willie Garcia,Marketing,37,43241,Silvaborough,2025-06-11,vegaashley@hotmail.com,4741967042,Good
2078,Nathan Rubio,Finance,40,65186,Foleymouth,2021-01-19,kathleen99@hotmail.com,9950795605,Average
2132,Christopher Santiago,Sales,43,41691,North Davidhaven,2018-07-12,fcarpenter@hotmail.com,8539142734,Average
1148,Maureen Lynch,HR,29,88904,Lake Jenniferport,2019-08-26,kmartinez@jones.com,5897284791,Average
1338,Richard Davidson,Marketing,39,112067,East Lisafurt,2020-06-17,robert94@liu.info,7322526679,Good
2123,Michael Nash,Sales,22,50918,Lake Robin,2024-11-02,josephsanchez@gmail.com,8403588779,Excellent
1347,Aaron Mercado,HR,23,108848,New Anthony,2019-06-18,ndaniels@warren.biz,6054435139,Good
1230,Timothy Wiggins,Finance,49,38698,Jamesfort,2022-10-10,xbarber@woods.biz,8135248290,Average
1976,Eric Nunez,HR,28,111920,Lake Tammy,2024-12-10,qdelacruz@yahoo.com,8705804455,Average
1614,Bryan Mejia,Marketing,35,118227,Port Benjamin,2018-06-09,pking@hotmail.com,2489108905,Average
1031,Eugene Maxwell,IT,28,92833,North Bettychester,2019-10-24,xsmith@rodriguez.com,9292766478,Poor
1414,Scott Duncan,Finance,35,89042,Allenville,2025-06-06,justin54@gmail.com,Invalid Number,Good
1840,Mrs. Jennifer Gibson,Finance,55,96273,Mayerbury,2021-03-09,darylhenry@gmail.com,4050655015,Good
1896,Tammy Juarez,IT,22,85967,Hopkinsfurt,2019-11-24,wanda65@gmail.com,9307292648,Good
1113,Kimberly Bailey,IT,48,64429,Charlesmouth,2020-07-02,mariasnow@hotmail.com,1406327962,Excellent
1978,Brenda Clark,Sales,38,77432,New Tanya,2023-04-25,longtricia@nguyen.com,9322601427,Excellent
1140,Richard Clark,HR,24,25387,Amandaville,2021-09-02,Invalid Email,Invalid Number,Excellent
1790,Sharon Edwards,Marketing,31,64360,Walshside,2023-11-25,brendawilson@gmail.com,1975060497,Poor
2103,Tracey Chapman,Finance,31,94170,Richardside,2020-03-27,bwhite@peters.com,8507423272,Excellent
1910,George Carter,Marketing,49,88922,Kingbury,2025-10-26,marcus06@wilson-smith.com,4191465032,Poor
1387,Jesse Avila,IT,28,41660,Jenniferton,2021-03-15,stricklandnathan@hotmail.com,2575888684,Excellent
1277,Clifford Flores,Sales,59,63906,New Timothyfurt,2022-09-29,princenicole@phillips.net,4309723899,Average
1265,Sabrina Houston,IT,31,61785,Lopezside,2024-12-26,michael43@yahoo.com,9662326697,Excellent
1879,Whitney Frye,Operations,29,26044,Jessicaview,2019-08-16,emily45@hotmail.com,7898090895,Average
1982,Elizabeth Gomez,Marketing,50,30590,Ramosborough,2024-11-06,omurphy@yahoo.com,1703497551,Average
1920,Cassandra Meza,Operations,57,82327,South Dariuston,2025-03-06,joseph28@morse.net,9431040817,Poor
1826,Aaron Reed,Finance,29,69751,Kingchester,2023-11-16,Invalid Email,5238955970,Excellent
1845,Samantha Sherman,HR,40,90092,West Robertchester,2018-08-19,rothadam@yahoo.com,9812973772,Average
2196,Joseph Mccoy,Operations,43,54089,Lake Dawn,2025-10-28,andersonjennifer@robinson.com,7938214146,Average
1839,Elizabeth Holt,IT,32,75029,Melissaberg,2021-09-03,xmcgrath@hotmail.com,9611975137,Good
1829,Cody Meyer,HR,55,36823,South Richard,2018-09-24,novakdaniel@murphy.com,8317228107,Excellent
1384,Kathleen Coleman,IT,31,68244,Williamsfort,2021-02-04,ymorgan@zimmerman.info,8975304412,Poor
1613,Robin Carroll,Finance,57,34044,South Keith,2020-11-02,adamrodriguez@white-rogers.biz,9969993164,Good
1571,Luis Cameron,Finance,52,70291,Rosestad,2022-06-02,candice58@gmail.com,5682737967,Good
1577,Stephanie Grant,Finance,23,68052,South Lorishire,2025-11-28,revans@yahoo.com,2250283416,Average
1950,Thomas Horton,IT,27,26576,New Christinefort,2021-10-08,rangeldavid@hotmail.com,6184321404,Average
1707,Maurice Gibson,IT,53,67699,Davenportland,2019-02-05,kylewells@norton.biz,4975191694,Good
1000,Charles Guzman,Operations,46,64402,New Theodore,2018-12-24,christian76@hotmail.com,3853317603,Average
2086,William Thomas,HR,46,86515,Oscarton,2023-04-12,pcampbell@williams-sanchez.biz,9394790014,Average
1949,Joshua Heath,Finance,21,40375,Manuelland,2020-02-26,Invalid Email,8366722869,Good
1792,Justin Moore,Marketing,24,83532,Suttonstad,2018-06-03,sherrijames@yahoo.com,7657590834,Excellent
1222,Jared Serrano,Operations,51,110579,Arthurton,2021-11-30,melissamiller@yahoo.com,7910533184,Excellent
2082,Jeffery Gray,HR,56,51858,Palmerstad,2025-10-09,leonardparks@may-thompson.com,9807289821,Good
2019,Barbara Rogers,Marketing,30,84127,Port Janicemouth,2021-10-07,xwilkins@lewis-peterson.biz,3068958284,Good
2182,James Simon,IT,51,75787,East Derek,2022-05-05,chelsea96@wheeler.com,6989354812,Excellent
1963,Madison Graham,Finance,39,92795,South Sherry,2023-07-08,jonesjulie@anderson.com,4446431068,Poor
1195,Sharon Moody,Marketing,24,94488,Port Rachel,2021-03-08,nicoledavis@martinez.com,2479604212,Good
1062,Karen Whitaker,IT,41,49792,New William,2022-07-27,dwright@hotmail.com,Invalid Number,Poor
1552,Monica Lee,IT,44,70593,Greenland,2020-06-10,denisearnold@wheeler.com,2413699651,Good
1785,Ronald Gamble,IT,42,101224,Fosterton,2019-09-04,lewisamy@leblanc.com,6960029448,Poor
1232,Jennifer Morales,HR,48,57326,East Stephenview,2024-03-14,Invalid Email,3273661315,Good
1691,Michelle Reyes,Operations,46,42191,Smithchester,2020-09-05,fcraig@evans.org,2434814140,Average
1709,Karen Barton,Finance,40,112106,Abbottberg,2024-01-26,mariah99@yahoo.com,4139390754,Excellent
2028,William Henderson,HR,37,74387,East Richard,2025-04-20,timgutierrez@crawford.info,8172756077,Good
1172,Julia Williams,Finance,60,71456,Port Adam,2021-09-15,ctorres@perez.com,8997093369,Good
2200,Michael Galvan,IT,34,35654,North David,2019-02-11,mtorres@gmail.com,7852139484,Average
2092,Stacey Lopez,Operations,56,109061,Berryport,2021-09-26,porternicholas@hotmail.com,9478415842,Average
1362,Crystal Doyle,IT,30,109173,Shepherdburgh,2026-01-21,meltonian@robinson.net,4676279574,Average
1901,Ana Garrison,HR,57,25120,Port Tyler,2019-02-19,ibriggs@esparza.net,Invalid Number,Excellent
1283,Angel Wheeler,Operations,52,75688,Lake Margaret,2024-01-06,morgan87@simpson-lopez.com,2115676984,Excellent
2147,Nicholas Smith,Operations,25,100720,Mossborough,2020-05-25,susandougherty@gmail.com,6662048531,Average
1348,James Wang,Operations,32,67553,East Andrew,2018-09-20,audreymcclure@gmail.com,4366905000,Excellent
1673,Edward Miller,Marketing,39,58627,East Philip,2026-05-30,ashleesnyder@yahoo.com,8649074166,Excellent
1578,Nathaniel Richardson,Finance,27,95009,Amyland,2022-06-26,welchebony@yahoo.com,Invalid Number,Good
1391,Christopher Ayers,IT,28,47655,Adammouth,2021-05-19,coxalex@lewis.com,2558585103,Excellent
1981,Kimberly Reese,Marketing,23,73208,Larryshire,2023-10-09,xedwards@parker.biz,1125498827,Poor
1918,Christopher Robinson,HR,40,35265,West Williamhaven,2025-06-08,fharris@gmail.com,8278777279,Good
1952,Cynthia Miller,Sales,38,50113,Christopherview,2020-09-12,Invalid Email,7784256388,Excellent
1657,Leslie Reese,HR,46,100913,South Frankville,2025-08-03,vwilson@juarez.com,7501687716,Good
1943,Timothy Lewis,HR,56,119974,Port Vanessastad,2025-11-17,udrake@gmail.com,9161051435,Good
1154,Kelly Dennis,HR,34,52680,South Paulburgh,2018-10-10,lclark@yahoo.com,1337291281,Excellent
2148,Joseph Davis,IT,56,59287,East Susanbury,2018-08-14,malonemiguel@yahoo.com,3333417945,Good
1985,Eric Mccarty,Sales,54,62993,West Christine,2023-06-18,belldwayne@yahoo.com,1178333335,Good
2197,Oscar King,IT,26,73026,Audreyland,2021-05-17,ambermay@hotmail.com,5257545011,Poor
1449,Brian Ford,HR,29,61333,West Gregbury,2023-02-12,david58@yahoo.com,1507960710,Excellent
1376,Karen Delacruz,Marketing,40,28298,Port Stephanieton,2023-01-08,loriwolfe@jones-holt.com,8849821872,Poor
1607,Monica Clark,Operations,39,117498,Williamsonland,2020-08-07,jeffrey90@yahoo.com,Invalid Number,Excellent
1036,Mitchell Roman,Finance,25,117952,Wardmouth,2018-12-17,wcooper@hotmail.com,6166930664,Excellent
1126,Janet Silva Dvm,HR,31,66313,North Kristy,2022-11-16,ruth18@welch-moore.net,3371764571,Poor
1733,Angela Payne,IT,58,81127,Angelamouth,2021-07-18,erobinson@humphrey.com,3551485819,Average
1592,David Gonzalez,Operations,22,116730,Lamside,2024-11-28,zjones@williams.biz,Invalid Number,Good
1088,Alice Lynch,Finance,28,36879,Lake Cassandra,2020-07-01,thunt@lee.biz,8614829362,Good
1087,Melanie Finley,HR,52,62841,Lake Micheal,2020-04-30,kenneth48@kaufman.com,1939679588,Good
1850,Robert Ortiz,HR,26,42550,Smithshire,2018-11-29,fschwartz@gmail.com,4706893686,Average
1321,Paul Owens,Finance,52,55267,Holmesville,2020-12-08,lisasmith@hotmail.com,1255278138,Poor
1007,Andrew Miller,IT,48,111499,Reedhaven,2021-06-14,chapmantony@hotmail.com,6591170001,Excellent
1034,Michael Baker,Finance,49,48693,Castilloville,2019-12-29,margaretthornton@yahoo.com,Invalid Number,Average
1456,Donald Jones,Sales,42,108264,East James,2021-04-18,bvargas@ball-dickerson.com,8536901463,Poor
2116,Jessica Bell,HR,45,74640,Benjaminchester,2018-09-30,jose99@hotmail.com,4214753045,Average
1042,George Burgess,Sales,27,37892,Port Julie,2024-03-23,delgadoandre@reyes-fischer.com,1022992107,Poor
1142,Matthew Parks,Operations,59,27168,South Donald,2021-08-16,khaynes@gonzalez-rosales.com,2428193671,Good
1214,Cynthia Allen,Operations,36,28937,Lake Anthonyfurt,2022-03-16,davisshannon@yahoo.com,9096374127,Poor
2160,Dawn Velasquez,Operations,42,30739,Curtisside,2021-03-31,timothystone@hernandez-leon.info,7129940968,Average
1209,Brittney Sullivan,Sales,35,87645,South Bridget,2024-09-10,nnelson@hall.info,9743319183,Excellent
1461,Daniel Hammond,Sales,34,109614,West Meganborough,2024-10-06,kbrooks@gibson.com,8696346645,Good
2077,Angela Wilson,Sales,36,50267,Lewisburgh,2025-03-13,Invalid Email,4290551581,Good
1874,Jeffrey Madden,HR,38,25568,Michaelstad,2021-07-20,harrisonantonio@diaz-stewart.net,8428239028,Poor
1162,Douglas Vang,Marketing,26,85463,Walkerstad,2019-03-14,thomas39@shelton.info,4525989106,Good
1818,Michael Smith,HR,22,112028,West Shelleyhaven,2018-11-20,mathisdakota@hotmail.com,6799082870,Good
2190,April Brady,HR,51,91890,Taraburgh,2022-02-08,jennifer60@harding-mcbride.com,4818458323,Excellent
1188,Jonathan Watts,HR,60,41310,Bennettville,2023-03-22,Invalid Email,6926947295,Good
2060,Andrew Clay,Operations,22,74006,Jimmyberg,2022-08-21,elopez@ball.com,3775077100,Excellent
1397,Jennifer Benton,Sales,23,28149,Lake Sherry,2023-10-15,Invalid Email,7365999915,Good
2097,Jennifer Rosales,Marketing,52,46950,Padillaside,2023-10-17,ronald09@king.net,Invalid Number,Poor
1181,Joe Adams,Sales,42,51978,East Markbury,2021-10-10,dawnespinoza@yahoo.com,Invalid Number,Good
2006,Tyler Lee,Finance,37,99884,Harrelltown,2019-09-08,wbarton@malone-brown.com,7853702694,Average
1908,Calvin Montgomery,Finance,40,111186,Gilmoremouth,2019-09-25,austinmoore@yahoo.com,6068473841,Excellent
1857,Tiffany Lopez,Marketing,40,26472,Wadeland,2022-06-03,jeremy10@gmail.com,3971469343,Good
1980,Michelle Horne,IT,31,82829,South Charles,2024-10-08,maryweber@cole-mccoy.com,5137427046,Excellent
1117,Maria Lewis,HR,35,32069,Jonesmouth,2018-01-10,ericreynolds@martin.com,6075681424,Average
1415,Amanda Owen,Sales,52,30139,East Paulmouth,2020-12-31,patricknguyen@mcintyre-stone.com,Invalid Number,Average
1814,Rachel Lopez,Finance,24,39413,New Meghan,2025-04-02,higginsstephanie@gmail.com,8867142673,Good
1811,Kaitlyn Rodriguez,HR,31,117733,Pottermouth,2025-05-11,williamslisa@hobbs.com,Invalid Number,Good
2056,Joshua Cohen,Marketing,53,68731,Stevenburgh,2019-10-12,xwright@morris.org,7802857618,Poor
2015,Louis Howard Iv,Marketing,47,112791,Davisside,2021-09-23,vincent94@galvan-mckinney.com,Invalid Number,Poor
1322,Audrey Diaz,Operations,47,80345,Julieside,2021-12-11,andersenkevin@gmail.com,4507729159,Average
1677,Nicole Delgado,HR,56,111026,Bushmouth,2024-03-03,williamstim@mcdonald-diaz.info,Invalid Number,Excellent
1327,Nicole Shaffer,Sales,35,118547,East James,2020-06-09,douglas22@yahoo.com,Invalid Number,Good
1751,Charles Brown,Finance,42,53016,Nicolefort,2020-02-25,elizabeth07@yahoo.com,3739352501,Average
1418,Morgan Stone Phd,Marketing,28,86662,Kellyhaven,2022-04-24,spencerrachel@hotmail.com,7800909569,Average
1512,Susan Brooks,HR,49,100054,Lake Iantown,2023-11-23,markhardin@hotmail.com,4150044721,Excellent
2151,Amanda Smith,Operations,26,65457,Gracebury,2025-12-18,gcurtis@alvarado-vasquez.com,6479660504,Average
1710,David Schultz,IT,29,52677,Morenofurt,2026-01-29,meganrojas@yahoo.com,Invalid Number,Good
1629,Bryan Christian,Operations,25,57645,Port Monica,2023-05-18,hparsons@farrell.info,6070649765,Good
2001,Jamie Bell,Finance,51,78765,Janetmouth,2021-11-28,thomasjorge@yahoo.com,8802008217,Poor
2140,Kaitlyn Nelson,Sales,24,71876,Westton,2022-04-18,christine46@yahoo.com,8585640858,Average
1714,Jeffrey Rose,Sales,41,99624,New Steven,2023-01-09,carolynharris@waters.org,6017346586,Good
2065,Perry Hudson,Finance,54,101103,Port Kyle,2018-11-23,franciserin@nelson-adams.com,8869858513,Poor
1891,Brenda Brown,Sales,40,92208,North Kayla,2018-04-09,pgarcia@walters.info,3316653897,Average
1907,Amanda Castro,Operations,43,94293,Garciamouth,2019-12-18,peter60@yahoo.com,7506349312,Average
2169,Tammy Boone,Finance,27,41641,Garzaview,2025-01-28,xspencer@weaver.org,4645649595,Average
1398,Angela Smith,Sales,30,33632,Tracychester,2021-05-16,joannacrawford@hart.com,7302387392,Good
1002,Natalie Wilson,Operations,31,63581,Lake Loriborough,2025-02-28,valerie04@hotmail.com,9620396598,Average
1789,Laura Henderson,Operations,35,73874,New Scott,2021-08-13,Invalid Email,8493808174,Average
1481,Jeremiah Rivera,Sales,26,45166,Millertown,2025-03-10,ricardo19@hotmail.com,9373531115,Poor
1706,Mrs. Julie Alexander Md,Marketing,48,64027,Scotthaven,2019-01-04,laurendavenport@hernandez-weaver.info,1201658773,Poor
2144,Mr. Steven Torres,Marketing,51,99016,Barberchester,2025-01-22,jonathan98@yahoo.com,4725670973,Good
1058,Stephanie Mccann,Sales,43,70450,Lake Matthew,2020-11-24,sarahjohnson@sullivan.org,6548709881,Poor
1295,Troy James,Marketing,54,106373,Port Mark,2025-03-10,boydellen@nguyen-reeves.com,6356115643,Average
1855,Samuel Smith,IT,23,32783,Guerrerofurt,2025-01-11,Invalid Email,3981832171,Average
2088,Carlos Zuniga,Finance,28,28184,North Cassandraview,2019-12-20,alexanderbowman@foster-collins.info,2748473012,Poor
1647,William Turner,Finance,33,80435,Lake Jerry,2020-09-21,reneeraymond@sheppard-may.com,5307477862,Average
1131,Robert Atkins,Marketing,41,86447,East Jenniferfurt,2023-12-25,hallpaul@hotmail.com,8591690664,Poor
1823,Melissa Daniels,IT,49,114636,Port Anthonychester,2020-03-12,Invalid Email,2891076646,Poor
2154,Jorge Cooper Jr.,Operations,21,84739,Samuelstad,2018-06-25,pjohnson@yahoo.com,9413465664,Good
1273,Jose Taylor,HR,51,54659,Devonstad,2021-05-12,kellyevans@gmail.com,7661361965,Poor
1547,Wayne Trevino,Finance,21,46329,Murrayland,2025-08-28,shane40@duran.com,1666143076,Good
1788,Joseph Taylor,Finance,27,100214,Laurastad,2021-03-14,kyork@joseph.com,Invalid Number,Good
1514,Joshua Russo,Finance,56,94662,Marshville,2020-02-29,Invalid Email,2935679035,Poor
1554,Valerie Murphy,IT,58,103084,New Charlene,2018-06-22,Invalid Email,9364521295,Average
1693,Christian Thomas,Finance,40,43553,Port Brenda,2022-08-07,halltimothy@yahoo.com,5833176174,Average
1530,Michelle Silva,Sales,54,105178,Smithborough,2023-12-08,sean94@yahoo.com,Invalid Number,Average
1527,John Howard,IT,29,71651,Edwardstown,2022-08-23,jessesnyder@hotmail.com,8565265594,Good
1254,Nicholas Williams,HR,57,41949,Lake Chase,2019-02-06,angelabaker@hotmail.com,Invalid Number,Excellent
1516,Jenna Mcguire,Sales,54,89470,West James,2018-10-28,antoniowhitehead@hotmail.com,6657646738,Average
1812,Brian Roberts,HR,36,102805,Kyleburgh,2026-02-25,eyoung@gmail.com,3261716126,Average
2189,Leah Peterson,Sales,40,48425,North Joshualand,2023-01-10,campbellderek@gmail.com,1451540391,Excellent
1957,Ronald Harrison,Sales,29,106185,Whitemouth,2025-12-30,lori68@yahoo.com,2809193243,Poor
1138,Colleen Butler,Finance,32,72513,Richardchester,2020-11-12,matthew91@peters.net,8972976275,Excellent
1072,Richard Macdonald Jr.,Operations,40,86642,Robinville,2020-03-16,jorge38@hotmail.com,1111409021,Excellent
1436,Deborah Hardy,Operations,46,98321,Pearsonview,2025-03-18,priceleslie@welch.com,6127744172,Poor
1590,Sara Williams,Marketing,24,46179,Lake Victoriaberg,2023-09-09,dparker@lam-strickland.com,6734498538,Poor
1886,Mr. Adam Davis Jr.,HR,43,103600,Curtistown,2022-04-08,martinezdiane@christensen-smith.com,2950000775,Good
1543,Michael Thomas,HR,41,58712,Lake Jason,2020-09-05,watkinsbrent@dominguez.biz,4764167042,Good
1167,Rebekah Chambers,Operations,40,64177,North Pamela,2018-10-11,Invalid Email,8699715721,Excellent
1314,Richard Hubbard,IT,24,31107,South Richardville,2021-05-01,sierra54@mcdonald.biz,5376753306,Poor
1369,Ann Guzman,Finance,45,92598,New Melindaport,2020-04-22,fernandezwarren@king.info,9391368022,Poor
2062,Anthony Collins,Sales,54,66696,Gibsonport,2018-11-24,nunezrobert@hotmail.com,3614202518,Excellent
2061,Kimberly Ramos,Finance,21,112340,New Daniellefort,2026-01-03,jalexander@jackson.com,4528731167,Poor
1176,Cameron Nelson,Sales,47,56267,Joshuaburgh,2020-05-02,colemanzoe@hotmail.com,8125064175,Excellent
1353,Kimberly Benjamin,Sales,54,77840,Atkinsberg,2019-02-23,karen36@gmail.com,8722586777,Excellent
1700,Tina Carter,IT,57,85962,Lake Tiffany,2019-10-17,snelson@andrade.net,5231173472,Average
2109,Chad Garcia,Sales,47,89300,Patriciaberg,2026-04-17,kingronald@sexton.net,7946295819,Poor
1692,Nancy Williams,Sales,37,41424,Lake Jasminemouth,2022-12-23,anneriddle@yahoo.com,4932671232,Excellent
1531,Dr. Gregory Bryan Md,Operations,38,30676,West Michellehaven,2018-09-16,masonjonathan@davis-rodriguez.com,4970475012,Poor
1712,Cody Alvarez,HR,55,40395,Tonyhaven,2020-05-06,qdiaz@gmail.com,6176108899,Poor
1416,Tyler Manning,Finance,51,102876,New Gloriaside,2019-02-09,Invalid Email,1021264194,Excellent
1758,James Olson,Marketing,37,96943,Mariahstad,2021-04-10,freemandanielle@hotmail.com,3891295598,Excellent
1970,Melissa Hines,HR,41,57115,Lake Betty,2024-02-07,toddjones@hotmail.com,2668660550,Poor
1556,Tiffany Moore,Sales,44,108005,North Christophermouth,2025-04-13,qsullivan@myers.org,9410994431,Poor
1572,Daniel Gonzalez,HR,55,63843,Anthonyburgh,2023-03-15,pamela29@contreras-garcia.info,8212229192,Good
1224,Sherri Henderson,HR,48,100399,Lake Jonathan,2024-07-06,znunez@gmail.com,8720458285,Poor
1587,Sharon Peterson,IT,60,68571,South Amber,2026-05-21,scottrandall@gmail.com,5278619427,Average
1548,Matthew Hill,IT,48,42423,Port Meganfort,2025-06-08,elee@garcia.com,3891381766,Poor
2157,Melissa Smith,HR,41,113977,Melissaburgh,2023-07-17,nhess@hotmail.com,6252555590,Poor
1915,Julie Woods,Sales,45,39327,South Johnfort,2022-08-07,campbellwesley@gmail.com,Invalid Number,Average
1447,Joshua Rose,Sales,21,97736,Janetside,2025-02-26,smithamanda@mckay-west.biz,4311455179,Excellent
2073,Christian Anderson,HR,35,109742,Molinaview,2020-03-20,alicia56@gmail.com,6432288104,Average
1612,Brian Moon,Finance,44,118876,Laurenhaven,2021-06-02,stevenmann@garcia.com,6973445648,Average
2083,Chloe Stephens,Sales,57,30634,New Jennifer,2023-06-30,christophergeorge@hotmail.com,3538719380,Average
1686,Michael Saunders,Marketing,48,102808,South Monica,2023-06-08,kyle67@yahoo.com,2255843377,Average
1455,Marc Simpson,IT,43,90654,Scottview,2022-12-16,stanleymichael@jimenez.info,9790128988,Poor
2089,Linda Hess,IT,44,51179,Sarahport,2021-07-06,bcampbell@butler.info,9845839467,Average
1627,Joshua Gates,HR,48,72314,West Jennifer,2026-03-19,llewis@hotmail.com,7813951220,Good
2156,Megan Navarro,HR,28,90820,Lake Sarah,2022-06-23,johnhiggins@hotmail.com,5120100773,Poor
1520,Scott Dunn,IT,24,73228,South Scott,2018-06-09,ucarter@alexander-hurley.com,9322876677,Average
1615,Jamie Beard,HR,48,45821,Phillipsshire,2020-01-12,kbarber@mills-nolan.com,7010563063,Poor
2121,Kristine Ingram,HR,37,80748,New Barbara,2021-10-29,tanyajackson@warner.com,9352113277,Excellent
1453,Alexander Lindsey,HR,47,113685,Gonzalezhaven,2019-04-26,kimberly88@davis-smith.net,5471695804,Excellent
2199,Chloe Watts,Operations,28,52892,Schroederton,2019-05-22,ygibson@hotmail.com,6909964548,Average
1488,Randall Williams,Operations,39,66111,East Joshuafurt,2019-01-15,rodneyrichardson@valencia.biz,3831794531,Average
1081,Emily Ross,HR,44,34122,Staceyland,2025-10-24,erogers@gmail.com,9583725005,Average
1690,Christopher Jensen,Sales,22,38432,Port Christopherberg,2025-06-07,Invalid Email,4047436632,Excellent
2033,Scott Garcia,IT,56,66508,New Henryborough,2023-04-08,vthomas@salazar-dean.com,1954233969,Average
1241,Dana Long,HR,21,69350,Thompsonton,2021-02-05,phyllis37@yahoo.com,7640054951,Poor
2125,Jared Munoz,IT,43,64108,Kevinchester,2026-01-14,kelly98@yahoo.com,1294317197,Average
1821,Kenneth Higgins,Finance,42,48636,West Janetbury,2020-10-15,christopher74@sheppard-thompson.com,7014456349,Poor
1923,Alison Acevedo,Finance,59,112409,New Christophermouth,2021-12-25,emilyhaley@townsend.info,6808043652,Average
1173,Robert Dominguez,Sales,29,33207,Shawnton,2024-08-10,christophervaldez@thompson-spence.com,2923798543,Poor
1769,Melissa Yang,Sales,47,74860,Carterhaven,2022-01-23,christopherbrandt@james.com,7397531350,Good
1006,Zachary Bell,IT,44,65620,Johnsonfort,2020-01-11,eandrade@marsh.com,4855966810,Good
1163,Crystal Barber,HR,37,27591,Port Pamela,2019-02-12,jacksonrichard@yahoo.com,7316118985,Good
1975,Matthew Harvey,Sales,43,57319,North Bonnie,2019-01-23,sheenaphillips@yahoo.com,9553927231,Poor
2026,Katherine Shelton,Sales,24,91262,Curtisville,2018-08-27,cwalker@yahoo.com,3098510142,Poor
1292,Steven Cline,HR,59,54207,West David,2020-09-22,jacqueline32@adams-knapp.com,2079610170,Good
1724,Amanda Brooks,IT,59,35918,Chandlertown,2024-03-30,ricealexander@white-horn.org,8876638587,Good
1266,Lori Aguilar,Operations,56,85749,Yolandamouth,2022-11-21,caldwellmatthew@alexander.com,4985547212,Average
1820,Samantha Williams,Sales,42,91488,Johnburgh,2019-01-05,kathypennington@schroeder.com,3059605362,Average
1608,Justin Odonnell,HR,28,107470,Owensfurt,2019-03-22,lvargas@yahoo.com,6209133082,Good
1431,Carrie Tyler,Sales,52,96112,Fitzgeraldport,2020-06-23,jjohnson@horn.com,1406755116,Average
1253,Raymond Reyes,Finance,32,115486,Alyssaland,2025-06-15,virginiaking@yahoo.com,6534951386,Average
1780,Matthew Wood,IT,27,73371,West Michael,2020-08-15,scottmckenzie@estes.com,9569534282,Excellent
1134,Tina Kirk,Sales,33,31625,Port Barbara,2022-07-15,susanrivera@gutierrez.com,4623728887,Excellent
2143,Laura Wilson,Marketing,43,33162,South Christopherview,2024-12-27,clarkemiranda@gmail.com,7146627374,Good
1289,Shawn Sanders,Finance,32,55064,East Yvonne,2023-09-24,ryanhurst@moore.info,7690438273,Average
1833,Justin Poole,Finance,47,30977,Morenobury,2019-09-24,kristina96@hotmail.com,4896833933,Good
2044,Duane Phillips,HR,28,107417,Sullivanborough,2025-10-09,seansmith@zuniga-dunn.org,6100074523,Excellent
1772,Steven Hodges,Sales,28,54201,Hollymouth,2019-12-26,Invalid Email,7039733130,Average
1822,Jessica Castillo,Operations,25,85366,East Danielhaven,2024-04-04,deannaking@hotmail.com,8472334968,Average
1095,Leonard Zuniga,Finance,47,110074,Hillland,2024-08-16,danapotter@yahoo.com,2442376412,Excellent
1202,Terri Edwards,Sales,43,49937,New Heathermouth,2021-10-15,wesley89@yahoo.com,3265723480,Excellent
1967,Nicole Wright,Sales,52,74439,West Laurenstad,2024-06-01,ygriffin@gmail.com,6245306065,Excellent
1030,Robert Brown,Finance,29,91643,North Ryanstad,2021-06-09,ssanchez@gmail.com,8939351824,Good
2035,Stephen Jones,Sales,56,88340,North Christopher,2025-03-26,stacyperry@yahoo.com,3505091716,Average
1403,Cassie Williams,IT,33,100349,Port Bruceville,2025-10-01,cameron77@jefferson-goodwin.com,8981633017,Good
1044,Michael Williams,IT,60,44412,Miguelland,2022-09-02,myoung@yahoo.com,8427572423,Average
1432,Timothy Drake,Marketing,47,81837,Port Anthony,2019-08-03,amandaward@hopkins-bennett.com,5961972513,Average
1630,Rebecca Black,IT,26,76456,Port Richardchester,2023-04-19,johnsonemily@yahoo.com,3951779103,Good
1594,Alison Decker,IT,26,44056,South Adam,2020-03-11,rhonda62@gmail.com,6896240203,Excellent
1374,Justin Wagner,HR,35,79712,Nathanhaven,2022-10-30,Invalid Email,9425899719,Average
1360,Elizabeth Maldonado,IT,25,34727,West David,2025-01-21,bellbrian@thomas.com,8146773630,Poor
1024,Jessica Wilson,Sales,26,111863,South Cesar,2020-06-01,patricktate@gmail.com,7421378661,Excellent
2031,Seth Roberts,Operations,39,55856,Lake Lori,2019-03-07,jeffreybrown@gmail.com,6582092857,Excellent
1998,David Michael,HR,45,72121,Amberfort,2025-01-28,jasonyoung@morrison-castaneda.com,Invalid Number,Average
1735,Heather Ross,Finance,56,103397,East Dustin,2020-12-12,cortezchristopher@hotmail.com,9221676924,Poor
1470,Matthew Davidson,HR,23,98971,Bartonfurt,2024-12-05,vjohnson@brandt.com,1971473478,Poor
1595,Aaron Smith,Operations,35,114772,South Joseph,2025-01-05,ashley45@gmail.com,Invalid Number,Good
1935,Stacey Jones,Operations,34,29821,Schroederton,2023-11-25,lisasawyer@yahoo.com,7652336649,Excellent
1293,Jacqueline Butler,Finance,57,107248,Schmidtshire,2018-07-17,jeremythomas@vargas.biz,4617641946,Good
1551,Kimberly Crawford,Marketing,43,67813,Roseport,2024-11-16,qmurphy@coleman.com,5792930816,Good
1217,Ashley Whitney,IT,55,117703,Penningtonport,2020-02-10,rsalazar@hanna.info,Invalid Number,Excellent
1370,Barbara Spence,HR,53,32061,Lauratown,2019-06-09,craigpamela@hotmail.com,8779409829,Average
1137,Lisa Austin,Marketing,26,88274,Lake Robertchester,2025-10-08,davisstacy@yahoo.com,2263204033,Excellent
2118,Matthew Cole,IT,33,37969,Gentrymouth,2019-06-26,jessicasandoval@chavez.com,8316612034,Good
1108,Kelli Estrada,Finance,40,30894,Michaelport,2018-11-28,antoniokelly@gmail.com,Invalid Number,Poor
1835,Michael Walker,IT,37,79159,North Christophermouth,2019-06-30,danielle98@pham-kramer.info,4503291314,Good
1116,Frank Vargas,HR,51,116916,Cantufort,2024-11-30,jamieandrews@garcia.com,Invalid Number,Poor
1056,Stephen Brewer,Sales,25,107178,New Jonathan,2024-12-27,westrada@gmail.com,3265100652,Good
1688,Benjamin Thomas,Marketing,22,61419,North Joannaland,2026-03-20,pferguson@yahoo.com,7752748823,Good
1407,Erik Robinson,Operations,34,68522,South Sandra,2020-12-29,ingramkara@hotmail.com,2215465232,Poor
1355,Robert Brown,Marketing,27,67228,Wendyberg,2020-09-01,delgadodeborah@rodriguez-martinez.org,6245268089,Average
1715,Sarah Santana,Sales,51,118184,New Sarahhaven,2023-11-08,schwartzjames@barker-guzman.net,6662072127,Average
1914,Tiffany Jacobs,Marketing,44,90426,New Sharonborough,2018-06-16,fshaw@yahoo.com,2482010188,Good
1281,Kenneth Mccann,Marketing,47,65101,Michaelchester,2023-01-30,orodriguez@gmail.com,9997297076,Average
1521,Angie Meyer,IT,60,93989,Port Noahtown,2020-08-16,kevin76@yahoo.com,3708391488,Excellent
1906,Adam Johnson Md,Marketing,27,82133,Lake Jonathon,2019-01-26,Invalid Email,4357931044,Poor
2007,Lisa Robinson,HR,51,53763,New Marcoside,2022-08-29,crobertson@foster.org,Invalid Number,Good
1876,Katie Friedman,Sales,56,32640,Maytown,2022-08-18,bairdamanda@meyer-chavez.net,3858543544,Average
1725,Cathy Smith,Marketing,22,88134,Timothyburgh,2019-06-25,brenda68@george.com,8893427747,Poor
1734,Lori Koch,HR,46,75482,Port Joanna,2021-05-05,gregory54@yahoo.com,Invalid Number,Good
2171,John Donaldson,Finance,37,59602,Christianfort,2021-06-28,houstonbonnie@yahoo.com,7892447493,Average
1787,Paige Jenkins,Sales,28,115737,Howardfort,2026-04-30,gouldtara@yahoo.com,9852850645,Good
1372,Haley Roman,Operations,30,44542,South Eric,2019-06-18,arroyolaura@day.com,2059207675,Excellent
1094,Heather Gay,Operations,47,38241,Lake Ronaldmouth,2021-05-13,justin39@black.biz,9846162336,Excellent
1846,Eric Kline,Operations,34,98710,North Corey,2019-03-27,karacooley@hotmail.com,1783968563,Excellent
1413,April Jackson,Marketing,49,98476,Alvarezchester,2025-08-22,brittney60@gmail.com,Invalid Number,Excellent
2126,Andrew Allen,Operations,59,118250,Jameston,2022-05-21,anthony18@hotmail.com,Invalid Number,Excellent
2055,Stacy Davis,Marketing,38,30663,Patriciabury,2021-01-22,Invalid Email,2910996935,Excellent
2142,Misty Stone,Operations,47,80255,Pacechester,2024-06-04,stonerichard@rodriguez-schaefer.com,2292687861,Good
1830,Shannon Arnold,HR,51,25232,South Heathermouth,2024-06-20,bvelazquez@hotmail.com,4781038375,Poor
2018,Jordan Dillon,Marketing,47,71853,Mcdonaldmouth,2021-09-06,Invalid Email,6508978553,Average
1617,Norma Lawrence,Marketing,40,85990,South Marioton,2022-05-18,wkim@owens.com,4252268161,Poor
1156,Patrick Gross,IT,25,49261,Lake Donna,2023-12-15,amytaylor@hotmail.com,5541616664,Excellent
1924,Jacob Lee,HR,32,75533,Dunlapberg,2020-10-05,denisemoore@gmail.com,1475169005,Excellent
2099,Christopher Decker,Marketing,56,26928,Port Andrewmouth,2020-09-18,nicole01@bush-fuller.com,Invalid Number,Poor
2179,Jesse Clark,Finance,37,111322,Franklinberg,2019-09-12,alexandria78@garcia.com,6116827786,Excellent
1828,James Watts,Operations,31,93195,Lake Ashley,2023-04-04,jreese@kelley.com,8299092614,Excellent
1290,Debra Schmidt,HR,32,36026,East James,2023-04-30,scott20@obrien-riley.info,3719055473,Good
1558,Karen Stewart,IT,37,84282,Danielfort,2025-09-16,everettjackson@scott.com,6315326143,Excellent
1557,Julia Morrison,Finance,57,104393,Lambertburgh,2024-11-27,Invalid Email,7828961958,Poor
1256,Dylan Hayes,Finance,49,50415,Jillside,2020-11-06,Invalid Email,3717281975,Good
1191,Danielle Long,Finance,31,78480,East Sheila,2025-10-26,uanthony@wheeler.com,8238341367,Good
2013,Jack Cooper,Sales,54,83363,Jackport,2018-09-10,pwright@stone-davis.com,8171265214,Average
1243,Chelsea Ortiz,Marketing,50,58292,Taraborough,2025-03-08,hgarcia@gmail.com,Invalid Number,Excellent
2137,Donna Gill,Finance,60,118840,South Davidberg,2025-09-01,thomaserik@nichols-norris.com,Invalid Number,Good
2152,Tracy Mitchell,IT,25,86682,Lisafurt,2021-10-30,vpaul@morris.info,1858406255,Poor
1193,Thomas Mitchell,IT,42,113531,Port Vanessafort,2023-01-06,wwiggins@gomez.info,3607809520,Poor
2002,Scott Livingston,IT,58,47997,Williamshaven,2023-05-09,fmiles@kirby-walton.com,3501182028,Average
2003,Paul Small,Finance,40,76485,Sherylberg,2019-03-13,leslie76@jackson.com,2892810414,Poor
2012,Meghan Ferrell,Sales,47,110806,Masonburgh,2021-08-08,wrightteresa@yahoo.com,5887574015,Excellent
1085,Heather Barnes,HR,53,64160,Port Bradleyberg,2024-01-12,mwilliams@hotmail.com,9876642038,Poor
2004,Stephanie Berry,Sales,46,96852,Kyleton,2025-02-14,lsmith@martin.com,1060459351,Poor
1510,Angela Stewart,Operations,30,100201,Dianafort,2025-03-04,karendelgado@burns.com,8168464411,Good
1147,Brian Roberts,Operations,23,56091,Wheelerfort,2023-03-20,stewartemma@thomas.com,1421068625,Good
1394,Jose Robbins,IT,60,35333,West Jeanetteshire,2025-03-30,jennifercampbell@yahoo.com,6905539955,Average
1257,Monique West,HR,43,93273,South Kevin,2019-10-22,lesliechaney@lyons.com,9349225659,Average
2036,Mary Russell,IT,36,43193,Jessicahaven,2025-11-19,lmercer@henderson.com,5202757098,Average
1945,Christopher Barnes,Marketing,39,68737,East Adam,2023-05-16,jacob56@hotmail.com,6866332180,Excellent
1575,Roy Navarro,Operations,22,87071,Hendersonfort,2021-06-08,teresa72@gmail.com,Invalid Number,Good
1282,Ashley Campbell,Marketing,54,50450,Jordanmouth,2021-04-23,elizabethmack@anderson.com,9005309655,Good
1213,Amanda Robertson,Finance,22,84557,Matthewchester,2021-09-08,smithsusan@stokes-hicks.com,9245086556,Average
1948,Robert Vang,Operations,37,85070,North Carl,2024-09-11,lewismelissa@gmail.com,1754740023,Excellent
2141,Nathan Adams,Operations,55,71415,East Shelbyborough,2022-09-10,huntjason@terry.com,9967812124,Excellent
1255,Brandon Coleman,HR,55,77955,Andersonport,2026-02-23,elizabeth20@hicks.com,4476074926,Poor
1540,Janet Miller,Marketing,21,97172,Perezville,2023-06-13,timothy68@gmail.com,2342646015,Average
1223,Dawn Shelton,IT,23,55566,New Richard,2018-10-16,ryan68@silva.info,Invalid Number,Good
1261,Chase Robles,Operations,51,105683,Morrisfort,2020-11-09,bonddavid@hotmail.com,2599963901,Excellent
1816,Dana Haynes,Finance,24,38065,New Christina,2022-01-25,burgesstimothy@crane.biz,6718353273,Excellent
1182,Aaron Williams,IT,27,99844,Matthewsview,2026-02-19,kjennings@gmail.com,6559283720,Good
1641,Madison Grant,Operations,31,82344,Andrewsland,2020-09-26,nwilliams@yahoo.com,9314812201,Excellent
1179,Tamara Santiago,Finance,43,28076,Martinville,2024-01-11,john11@yahoo.com,6552665924,Poor
1933,Peter Richardson,HR,29,104289,New Thomas,2022-11-14,skelley@gmail.com,2512030107,Good
1313,Megan Kaiser,IT,23,47100,Calvinburgh,2025-12-12,robin01@love-riggs.com,1968117901,Excellent
1871,Kristen Lane,Marketing,40,84106,Austinton,2022-10-10,gutierreztodd@hotmail.com,3675818146,Average
1842,Jennifer Miller,Finance,24,48246,Gloriafort,2023-08-09,christiannorton@yahoo.com,Invalid Number,Poor
1084,Ryan Murray,Operations,58,118455,Mooremouth,2018-08-22,jefferyphillips@rice.com,3710821639,Average
2139,Brian Weaver,Finance,49,40658,East Jeffrey,2024-11-30,adamscarrie@hotmail.com,4621689102,Poor
1308,Jimmy Stewart,Marketing,23,72751,North Amy,2021-09-06,joeking@wallace.org,2725131613,Good
1096,Tyler Fletcher,Marketing,56,60563,Sherrychester,2018-09-29,bwatson@yahoo.com,9310846570,Excellent
1063,Derrick Perez,Finance,46,70039,Laurashire,2020-12-04,hwells@yahoo.com,6609845360,Good
2170,Thomas Morris,IT,51,75165,Port John,2018-08-04,duane30@yahoo.com,7470144760,Average
1441,Steven Morgan,IT,57,106051,Walkerside,2020-07-25,melissa14@gmail.com,7329423732,Excellent
1805,Eric Jackson,IT,28,76692,Amyberg,2023-07-21,david72@gmail.com,3970345255,Poor
1760,Robert Perry Dvm,IT,43,73363,Catherinefort,2024-12-10,jamie22@hotmail.com,7799163203,Good
1301,Steven Watkins,HR,53,106620,Emilyshire,2022-10-14,jcastillo@snyder-rodriguez.com,2779610891,Average
1262,Amy Bryant,Finance,43,110572,North Anita,2022-08-10,brownchristine@gmail.com,1533178679,Good
1249,Kyle Thomas,Marketing,24,56349,North Bryanbury,2022-06-05,iharrison@thomas.net,5996934086,Good
1424,Joseph Cervantes,Finance,23,45369,Jenniferland,2026-05-03,michelle87@ponce.com,6916958002,Good
1631,Reginald Sullivan,HR,41,118746,Kimberlyfurt,2025-05-08,ewright@hotmail.com,1226841789,Poor
1589,Jaime Mcknight,IT,50,27103,Martinezshire,2021-04-24,brittanytorres@yahoo.com,4009683902,Good
1198,Stephanie Oliver,IT,54,38012,Adamsside,2021-07-20,zcruz@hotmail.com,6808517423,Excellent
1097,Laura Jackson,Marketing,35,106183,New Dylanbury,2020-04-13,floresmichael@gmail.com,3183745408,Average
1868,Steven Green,Finance,58,52123,Lake Ernestchester,2021-11-17,alexanderjesse@porter.info,9722132931,Good
1763,Kenneth Harper,Marketing,26,89761,North Lisaside,2022-06-25,zwhite@jones-wright.com,9432042872,Average
2113,Jennifer Sharp,IT,33,44938,Reedhaven,2022-09-08,zbailey@yahoo.com,8817482841,Excellent
1716,Derrick Serrano,IT,50,84217,Joshuaside,2021-07-17,penacharles@schwartz-thompson.com,9034743037,Excellent
2195,Eric Morris,Sales,49,80159,Amandahaven,2024-06-27,jasonlittle@hotmail.com,Invalid Number,Average
1942,John Cruz,Marketing,21,82887,New Brenda,2025-01-14,brownlisa@gmail.com,Invalid Number,Poor
1486,Jason White,Marketing,44,93814,Jamieside,2020-01-31,shannon01@rodriguez.info,1157578212,Excellent
1919,Todd Alvarado,HR,31,29909,Danieltown,2024-02-20,mitchellerin@mckay.com,1434721101,Excellent
1489,Robert Cordova,Finance,32,74533,West David,2024-11-12,qgarcia@brown.com,3553698954,Good
2042,David Brown,IT,55,46359,Burgesshaven,2023-03-31,Invalid Email,1305580264,Poor
1546,Evan Holt,IT,24,33674,Joyceside,2022-11-10,nlopez@yahoo.com,Invalid Number,Average
1664,Eddie Lewis,Marketing,59,63290,West Amyton,2019-07-26,owaters@gmail.com,6026632220,Average
1660,Anthony Johnson,Operations,21,82135,New Joseph,2023-01-29,longmatthew@yahoo.com,7742847788,Poor
2041,Karen Smith,Marketing,29,69650,Ebonyberg,2024-09-06,gonzalesnicholas@yahoo.com,6519954674,Good
1091,Michael Stark,Operations,21,85730,Fleminghaven,2018-08-27,mjones@yahoo.com,4763687721,Good
1562,James Forbes,Sales,53,82890,Johnsonview,2022-11-19,williamayala@morrison.com,9565380774,Poor
1226,Tonya Ramos,Sales,26,114814,Blackwellshire,2025-02-09,gloria78@yahoo.com,Invalid Number,Poor
1941,Amy Owens,Marketing,49,53872,Mccormickbury,2021-01-04,ngutierrez@yahoo.com,6168064257,Excellent
2081,Lisa Carter,Operations,41,69840,Victoriashire,2019-03-27,brownrebecca@reyes.info,1031125630,Excellent
1927,Brandi Flynn,IT,51,77071,Port Trevorside,2022-07-12,Invalid Email,9403167504,Poor
1168,Alec Martinez,Sales,47,81458,Lake Allison,2025-11-25,sarah65@gmail.com,Invalid Number,Excellent
1245,Marcus Price,Finance,39,76671,Alvarezland,2024-10-28,kylegordon@mcgee-smith.com,9054785530,Excellent
2177,Nicole Day,IT,60,102158,Lake Tiffanyfurt,2023-11-24,longjeffrey@yahoo.com,9755411138,Excellent
1841,Matthew Gentry,Marketing,39,115269,Emilyland,2022-12-27,desiree63@murphy.com,1232317701,Good
1888,Mary Lawrence,Sales,28,26772,East Heathertown,2021-10-19,bfoster@hotmail.com,1020824411,Excellent
1410,Samantha Clark,IT,50,34228,Benjaminburgh,2019-10-25,nathanflowers@gmail.com,9808457625,Good
1206,John Ramirez,Operations,55,79942,North Matthewfort,2021-12-06,benjamin72@branch-rodriguez.com,2850527717,Good
2014,Ethan Fisher,Sales,50,98774,Pamelafurt,2021-09-15,jrandall@martin.com,8547190047,Poor
1728,Jill Howell,IT,32,36987,Courtneyberg,2022-07-21,smithjose@nguyen-kramer.org,9176066362,Poor
2080,Tracy Buchanan,Marketing,46,81160,New Danielville,2024-05-16,robert57@williams.com,6866791050,Good
1334,Veronica Jordan,Sales,58,113947,Whiteton,2019-11-05,brianmurphy@holder.com,9619426104,Poor
1971,Angel Mercer,Sales,27,75988,Robertoton,2020-02-22,mary36@powers-allen.com,4275265314,Excellent
2100,Heidi Stevens,Finance,47,62701,Port Leonardland,2021-04-18,cervantesdennis@hotmail.com,3150550821,Average
1200,Jack Guerra Dds,Operations,24,64408,Antonioshire,2022-12-23,jacksonkaren@yahoo.com,8342125593,Excellent
1966,Sandra Beck,Marketing,43,103252,Kennethbury,2026-02-08,warnerjohn@wilson-king.net,1281140702,Average
1236,Debra Bryant,IT,53,95737,Loweborough,2023-01-08,donaldstrickland@hotmail.com,2559105783,Average
1328,Cheryl Castro,IT,26,86085,Steelehaven,2020-10-11,david76@pena.net,5581895098,Poor
1771,Dawn Long,Finance,47,81931,Martinfort,2025-07-03,hallbrian@hotmail.com,2726751681,Good
2011,Mark Hall,IT,24,99167,New Holly,2019-01-13,robertcole@perez.com,5709353404,Good
2104,Shelia Vazquez,Finance,24,115434,Tracyhaven,2021-12-12,melissa55@gmail.com,9544500050,Average
2090,Hayden Avery,Operations,36,39343,Phillipschester,2022-01-11,williamsmith@gmail.com,5749542795,Poor
2046,Elizabeth Delgado,Sales,34,39064,Lake Brandon,2023-06-02,hamiltonjennifer@gonzales-hunter.biz,7788194493,Average
1663,Tracey Schneider,Sales,39,87652,Burchfurt,2024-05-15,jessicavelazquez@walker.com,Invalid Number,Excellent
2162,Lauren Johnson,IT,30,107328,Eatonland,2025-09-30,meredith42@adams-scott.biz,5642918522,Poor
1349,Christina Grant,IT,40,59117,Lake Mark,2026-04-07,holmesdale@gmail.com,1234107270,Good
1748,Neil Santana,Sales,28,53146,Bradleyport,2022-07-02,cestrada@wolfe.net,5698787988,Poor
1318,James Cox,Marketing,49,45230,Lake Melissachester,2022-10-03,reynoldscandace@hotmail.com,3999160046,Excellent
1326,Richard Ortega,Sales,33,40589,North Rachelport,2021-03-05,jonesjohn@yahoo.com,5149767162,Excellent
1541,Justin Adams,Sales,39,100049,Moyerburgh,2022-09-06,wcrawford@gmail.com,5568186766,Excellent
1545,Joseph Hensley,Marketing,35,96054,Lake Jessica,2024-09-02,saunderssara@yahoo.com,7495368087,Good
1026,Heather Shaw,Marketing,37,51798,Port Scottville,2022-03-19,jhorton@murray.com,9313359740,Poor
1626,Terry Hicks,Marketing,51,25001,Juliemouth,2025-11-26,lreilly@young.com,9108702657,Poor
2131,Michael Jackson,Marketing,32,62745,Johnton,2019-11-17,qhorton@yahoo.com,8355125499,Average
1343,Jennifer Osborne,IT,32,50443,Baileymouth,2020-07-21,Invalid Email,2941531689,Average
1012,Jamie Stone,HR,44,113036,Port Pamelaberg,2025-09-21,williamgarrison@phillips-esparza.com,7316632950,Average
1080,Deanna Chavez,HR,43,104922,South Jennifermouth,2019-12-18,chelseamiller@gibson-johnson.com,1766091263,Average
2158,Matthew Campbell,Finance,22,66389,South Pennyfort,2021-05-09,melissabrown@gmail.com,3002338766,Good
1104,Holly Alvarado,HR,25,78795,New Nancy,2020-10-21,ngomez@hotmail.com,8362558533,Excellent
1463,John Hampton Md,Finance,35,102962,Booneview,2022-01-23,joellandry@gmail.com,8658195116,Poor
1068,Bradley Jackson,IT,51,95040,South Rachel,2024-12-18,kelsey24@reynolds.com,Invalid Number,Excellent
1493,Ryan Armstrong,Sales,36,101514,New Rebecca,2020-01-14,williamfischer@gmail.com,9352000102,Average
2167,David Rhodes,Operations,52,29400,New Jean,2019-05-02,Invalid Email,Invalid Number,Poor
1231,Nancy Miles,Sales,58,26607,Port Valerie,2020-02-14,zortiz@richardson.net,3690443623,Good
1894,Taylor Jackson,Sales,58,93512,North Paul,2025-06-10,markryan@yahoo.com,7190803765,Average
2027,Monique Morrison,HR,32,96608,Lake Jimmy,2025-01-27,carolyn29@hernandez.com,3326484571,Average
1132,Bruce Jones,HR,40,77764,Julieburgh,2025-12-08,pamela35@gmail.com,6296624636,Excellent
2124,Jackie Wu,Marketing,57,80660,Cervantesfort,2025-01-17,heatherschmitt@johnson.net,1564061999,Excellent
1954,Eric Stanley,IT,40,110143,Brookshaven,2018-06-27,muellerdennis@yahoo.com,4710077790,Good
1732,Carla Simpson,HR,46,63668,North James,2024-10-10,davisselena@gmail.com,9227564475,Good
1340,Mark Fisher,Operations,40,98179,Willisstad,2022-05-31,thompsonsheryl@branch.net,9571413129,Poor
1827,Peter Holloway,Finance,28,73752,Fischerbury,2026-01-21,carpenterholly@walsh.com,5558244745,Average
1016,Joseph Green,Sales,28,68531,North Rachel,2018-08-12,roger24@yahoo.com,2246004887,Excellent
1730,Tony Ward,Marketing,26,106761,Kirstenchester,2022-03-07,justinhughes@simmons-russo.org,7255029185,Good
1208,Theresa Quinn,Operations,55,81637,Millerbury,2019-11-20,bowersshawn@hobbs-davis.net,3145634874,Poor
1239,Toni Cole,Sales,55,66566,Jamesview,2022-08-28,coopertheodore@contreras.org,1245502433,Poor
1885,Calvin Moore,Sales,39,93025,New Chadborough,2023-01-06,michaelgarcia@gmail.com,1840495476,Poor
1643,Nicole Fletcher,HR,22,99042,Gonzalesport,2021-01-30,ywhite@hotmail.com,7755330712,Average
1849,Karen Conley,Marketing,40,119424,North Thomasmouth,2020-06-10,Invalid Email,1862303077,Poor
1357,Jordan Ortiz,HR,47,39041,Aimeebury,2021-09-19,pmorgan@moreno-espinoza.org,9433400454,Average
1776,Lisa Dougherty,IT,37,39162,South Jessicafort,2018-09-17,terri57@gmail.com,1487482290,Excellent
1851,Madison Alexander,Sales,25,93937,Klineside,2024-08-04,wward@thomas-hernandez.biz,5968276261,Good
1740,Alyssa Brown,Sales,25,87702,South Benjaminland,2019-11-27,clinelisa@adams.biz,7857975137,Good
1237,David Lee,HR,52,30027,East Kathryn,2022-05-08,smithryan@sanders-waters.com,8821700776,Excellent
1810,Ryan Sanchez,Marketing,34,79675,North Hannah,2025-05-08,mclark@donaldson-sheppard.com,6842007710,Excellent
1646,Melissa Moon,IT,51,39963,Maryland,2021-01-22,michelle67@yahoo.com,Invalid Number,Excellent
1011,Anthony Lee,HR,57,95653,Reynoldsport,2025-10-03,wadechad@yahoo.com,3428610040,Good
1027,Jason Anderson,Finance,27,27150,Lake Derrickborough,2019-01-20,ulowe@yahoo.com,Invalid Number,Average
1106,Kimberly Collins,HR,49,76269,Courtneyview,2021-05-25,nicolejordan@nelson.biz,5649677580,Good
1873,Jay Carter,IT,37,84432,Brownfurt,2019-01-20,jonesjames@hotmail.com,6454237648,Excellent
1505,Brandon Cruz,Finance,54,98759,North Richard,2023-03-06,leerachel@ramirez.net,7487496956,Excellent
1937,Lauren Bennett,IT,56,31865,Kevinmouth,2026-04-07,pattersonkeith@gmail.com,5645828532,Good
1300,Jason Jordan,Operations,45,72003,West Jeffreyburgh,2022-04-08,nathanfuller@hotmail.com,2844807071,Poor
1333,Thomas Horton,Sales,31,31993,Thomasburgh,2023-03-06,marc09@yahoo.com,1041968334,Good
1861,Hector Pugh,Marketing,36,71292,Brownfort,2019-06-27,jacksonandrew@henderson.biz,2738529670,Average
1843,Margaret Aguirre,Marketing,54,80408,Alanmouth,2021-06-01,pattonjames@haley.com,8079625019,Average
2165,Mary Mullins,Sales,45,110195,Port Williamchester,2024-11-21,ccoleman@hotmail.com,6421383792,Average
1525,Julie Murphy,Finance,39,109712,Courtneyfort,2018-11-13,wagnermichelle@dixon-kennedy.com,1151295459,Average
2043,Javier Sanders,IT,23,28469,New Audrey,2019-02-09,michelleware@gmail.com,4771653381,Good
2163,Maria Myers,Finance,58,87041,New Annafort,2018-07-29,holderdaniel@oneill.com,2671807155,Excellent
1103,William Hurley,Finance,23,37761,Lake Lisaland,2018-09-12,wmayer@yahoo.com,4518219493,Excellent
1720,Kristin Luna,Marketing,59,113553,Thomasshire,2024-01-22,petersontricia@ross.com,Invalid Number,Good
1272,Mr. Michael Brown,Sales,45,63555,Rochaton,2019-04-10,joshuasimon@clayton.com,2412586630,Average
1151,Russell Morrow,IT,43,100598,South Matthew,2025-10-31,gutierrezevan@taylor.com,3134014142,Poor
1939,Sandra Webb,Sales,37,118156,Cookshire,2022-02-19,Invalid Email,3970158326,Poor
1561,Randall White,Finance,39,42508,West Stephanie,2021-08-24,meyeredward@clark.com,8402639678,Good
1186,Ian Jackson,IT,40,92967,Reyesmouth,2025-12-04,josediaz@bishop.info,6698849849,Excellent
2029,Katrina Rojas,Operations,44,56939,South Sharon,2021-05-07,hortonconnie@gmail.com,7372342084,Good
1611,Jeremy Reynolds,Finance,41,44543,Lake Carol,2020-12-08,colemanmarie@cook-hess.net,2299333638,Average
1491,Howard Phillips,Finance,38,94563,Sarahfurt,2019-04-02,howekristin@king.net,3303537431,Poor
1112,Victoria Horton,Finance,27,118666,Danielview,2022-04-26,jefferyporter@porter.com,9807945283,Average
1878,Clinton Spencer,Operations,24,72520,Markview,2024-11-25,carlsonphillip@gmail.com,3687918593,Average
1111,Charles Reynolds,IT,52,102281,South Brian,2021-10-22,ctownsend@dalton.com,3291890711,Good
1400,Jeremiah Gray,Sales,52,28746,Meganhaven,2025-05-07,catherinehunt@downs.com,3963030102,Good
1602,Ryan James,Marketing,51,34495,West Lindsay,2020-03-24,debracole@grant-scott.info,1757679332,Poor
1991,Jesse Jackson,HR,47,56390,Starkburgh,2019-02-24,conradjennifer@quinn-navarro.com,8177591892,Average
1065,Brian Travis,Marketing,22,44413,Grayland,2020-06-21,pcook@hotmail.com,2105543435,Excellent
1784,James Webb,Operations,23,89719,East Jimmy,2020-10-07,fitzpatrickjane@nguyen.com,2335951314,Average
1795,Rebecca Vasquez,Finance,48,118048,Port Juliemouth,2026-02-14,ramosvicki@cummings-english.net,5320779112,Poor
1889,Jeffrey Brady,IT,37,67319,East Stevenburgh,2024-05-15,copelandamanda@gmail.com,9891836123,Excellent
1404,Michelle Banks,Operations,21,50637,Allisonbury,2024-04-13,danielle34@yahoo.com,6570803792,Average
1240,Brittany Swanson,Sales,34,114486,Vickiechester,2023-03-03,jacqueline17@hotmail.com,Invalid Number,Good
1831,Mr. Scott Thomas,HR,51,61042,Phillipsport,2023-06-12,danielfoster@hotmail.com,5010527765,Excellent
1992,Brianna Garrison,Finance,54,95994,Rebeccaview,2023-09-12,aliciagross@peterson-stark.org,3021109633,Excellent
1883,Brittney Moore,IT,23,78206,East Chad,2025-11-14,uortiz@cummings.net,8116456741,Excellent
1674,Shelby Townsend,Sales,32,91400,Justinmouth,2019-04-09,savannahsullivan@hotmail.com,9354365589,Average
2119,Monica Hernandez,Sales,26,100960,South Tammyhaven,2024-11-07,blackwellgregory@king.biz,3296836186,Average
1422,Carla Ramos,Sales,47,61443,New Darrenburgh,2025-11-11,davisfrank@gmail.com,4474159162,Average
1955,Robert Wilson,Marketing,56,25834,Aaronstad,2019-10-26,brian84@jackson-perez.com,Invalid Number,Excellent
2133,Kathleen Mcdowell,HR,59,110473,New Eileenborough,2025-07-19,bjackson@yahoo.com,Invalid Number,Excellent
1916,David Taylor,IT,55,32343,North Jeremyport,2019-07-03,larry92@yahoo.com,1979210471,Poor
1444,Bryce Hale,Finance,40,102960,East Bretthaven,2023-05-22,georgealvarez@hotmail.com,1501312467,Good
1538,Danielle Howard,IT,44,37246,New Brian,2022-12-15,eatonjohn@yahoo.com,7756946215,Average
1339,Jesse Smith,Finance,40,107130,New Sarah,2025-02-16,pattonbrian@jackson-stevens.info,9449869978,Average
1022,Adam Carney,Finance,33,86775,Lake Marktown,2019-12-19,nelsonjoanne@hotmail.com,2485711454,Good
1777,Alison Henry,Operations,38,114342,Lake Susanborough,2022-05-27,fhenry@daugherty.biz,3818383515,Good
1895,Gene Haas,Finance,51,85848,Elizabethbury,2021-08-13,walterpearson@hotmail.com,2308945302,Average
1817,Andrea Smith,IT,26,49884,Lake Patricia,2022-10-27,thomasduffy@hotmail.com,4745877765,Excellent
2074,Julia Hamilton,Marketing,58,27830,Medinaborough,2023-08-15,iprice@day.com,5912734448,Excellent
1152,Margaret Roth,Operations,59,32174,Lake Melissaview,2019-02-21,johnsonmichael@booth-alvarado.com,5032120063,Average
1699,April Hurley,IT,24,70106,West Kelly,2019-07-15,benjamindoyle@hotmail.com,8764700590,Average
1988,Lisa Perkins,Finance,31,34200,Onealhaven,2019-09-05,qjones@gonzalez.biz,3649457679,Excellent
1563,Denise Singleton,IT,45,91368,North Michael,2022-06-11,acostakaren@howard.com,1158291265,Good
1669,Alexis Ball,IT,43,28462,Lake Barbara,2023-03-26,collinrivera@hotmail.com,3208058263,Excellent
2030,Sarah Bryant,Finance,30,108841,New Christopher,2021-08-14,john32@jones.org,8025442013,Excellent
1502,Paul Roy,IT,47,46019,North Nathaniel,2024-08-30,russellmike@yahoo.com,8554986211,Poor
1210,Alicia Hunt,Finance,24,87190,North Kathleen,2018-12-31,thompsonkathryn@gmail.com,5045889074,Excellent
1862,Lisa Martin,Operations,40,25425,Jefferyview,2024-12-09,aadkins@gmail.com,5624931269,Excellent
1755,Yesenia George,Sales,35,100605,Port Jamesland,2025-11-29,ajohns@decker.org,Invalid Number,Excellent
1020,Rebecca Stevenson,Marketing,54,31797,Andersonshire,2022-10-06,hodgetodd@gmail.com,4615697760,Good
1190,David Martin,Finance,24,72515,Lake Richardtown,2019-06-16,Invalid Email,3568818463,Poor
2129,James Duran,IT,50,42080,Lindsayburgh,2021-10-04,michael44@campbell-snow.net,Invalid Number,Excellent
1654,Sarah Mitchell,HR,55,49479,Amberland,2021-07-21,nicholas73@roberts.com,8990809891,Poor
2159,David Wolf,HR,30,80911,Bowenberg,2023-10-16,sherrysimpson@yahoo.com,9060918761,Poor
1311,Martin Williams,HR,31,53156,Smithberg,2021-12-21,stephenlee@michael-decker.org,1642907964,Excellent
1637,William Oconnor,Marketing,40,83469,New Lisa,2021-04-03,melissa75@gmail.com,1756433317,Good
1399,Grace Smith,IT,27,74944,North Zacharyside,2020-05-30,tamarastone@gmail.com,1548370574,Poor
2176,Anthony Leonard,Finance,54,66816,Port Diane,2020-01-05,williamsnicholas@lyons-stout.com,5450232544,Average
1880,Riley Martinez,Sales,25,39226,West Lynn,2024-05-27,bryan44@johnson.com,6792080491,Average
1881,Molly Gonzalez,Operations,49,92693,Christianhaven,2019-11-12,yhayes@hotmail.com,1371697312,Poor
1766,Julie Shelton,Sales,45,104963,Rileyport,2025-12-23,yorkstephen@harris.com,9849395763,Good
1569,Ashley Smith,Operations,29,105963,East Ericfort,2018-07-06,rjennings@yahoo.com,2989099902,Good
1799,Teresa West,IT,44,61277,Brownton,2021-10-02,andersondillon@sandoval.com,1175378332,Poor
1032,Cynthia Finley,IT,47,49615,Jonathanside,2025-05-13,peter53@yahoo.com,1106503716,Good
1698,Traci Powell,HR,25,114177,Brownhaven,2021-02-11,brianmcgrath@hotmail.com,4674904840,Good
1877,Rachel Jones,HR,25,118077,Port Gregory,2020-01-02,david84@johnson.net,8429675135,Excellent
1917,Heather Acevedo,HR,34,58744,Jenniferburgh,2024-12-24,maria81@hotmail.com,1086458622,Excellent
1440,Shannon Barker,Sales,59,64099,Seanborough,2019-05-20,padillachristopher@robertson-miller.info,6471367490,Excellent
1932,Ashley Campbell,Marketing,40,104447,East Heather,2018-06-11,huntmelissa@morris-dawson.com,2912747356,Excellent
2168,Mary Wang,Marketing,32,115936,West Timothybury,2023-10-26,leslieboone@hotmail.com,5518714889,Poor
1990,Larry Hill,IT,38,71394,Glovermouth,2021-01-12,howardlauren@lowe.com,5478734208,Good
1205,Kirk Scott,Sales,39,43243,Matthewfurt,2023-02-25,patrick97@hotmail.com,4005070667,Average
2069,Amber Atkinson,Finance,44,89506,Port Davidmouth,2023-07-20,andrew93@yahoo.com,8083560285,Good
2194,Megan Fields,Finance,31,85629,West Melissa,2025-08-29,victorfarrell@gmail.com,1904691975,Excellent
1405,Kim Baker,Finance,45,115852,West Jorgeshire,2023-09-22,ocoleman@hotmail.com,1032547515,Poor
1902,Joshua Woods,HR,23,101015,South Michelle,2021-10-14,cassandraward@yahoo.com,7452189408,Average
1310,Christine Jackson,Operations,52,33873,New Brittany,2020-10-05,michael03@yahoo.com,3439347658,Good
1961,Theresa Dougherty,Operations,30,117350,Port Teresatown,2022-08-12,srobles@garrett.com,4191565252,Good
1161,Jessica Bond,HR,23,62376,Maryhaven,2026-01-10,brittanyjohnson@gmail.com,6629341881,Average
2110,Jeffrey Cox,HR,49,62310,South Danaborough,2024-02-05,ashleymann@hotmail.com,1106234808,Excellent
1856,Tiffany Simpson,HR,33,96158,Jonesshire,2020-01-18,ppeters@yahoo.com,8495057830,Poor
1458,Katrina Novak,IT,33,54007,Rodriguezside,2022-02-02,ibryant@fitzpatrick.com,6162291315,Good
1860,Stephanie Bell,Sales,37,106551,New Richardtown,2023-09-19,hdavenport@hotmail.com,1969010286,Poor
1464,Mike Silva,Marketing,27,113831,Port Moniqueport,2023-06-08,nelsonanthony@olson.com,8472022322,Good
1057,Suzanne Clark,Sales,29,102106,Burkeberg,2022-09-11,vgutierrez@king.com,5863057385,Excellent
1702,Eric Dyer,HR,38,75934,Brianhaven,2025-05-24,migueljohnson@cunningham-anderson.info,6862714049,Excellent
1743,Charles Pineda,Finance,32,65046,Martinezmouth,2023-05-07,nortiz@gmail.com,7578233018,Poor
1071,Daniel Henry,HR,35,105748,Autumnmouth,2018-12-17,xkline@hotmail.com,1217198115,Poor
2150,Katherine Allen,Marketing,50,104925,Sanchezshire,2024-10-31,sharon83@hotmail.com,4760193850,Excellent
1522,Cindy Johnson,IT,56,89816,Port Vickimouth,2024-03-28,xjohnson@gmail.com,6690088018,Excellent
1102,Gabriel Hamilton,IT,59,74305,North Robertfurt,2020-06-10,roger23@howell.org,8135557197,Excellent
2034,Natalie Jones,HR,59,65895,South Andrew,2025-02-24,joseph59@hotmail.com,4118942218,Good
1597,Caroline Gomez,Operations,40,87101,West Beverly,2023-12-18,sayers@cook.com,7237476893,Average
1207,Patricia Delacruz,Operations,38,68343,Reedton,2022-05-19,jenniferwatson@hotmail.com,5095790023,Poor
2146,Rachel Warner,IT,36,41258,Lake Melissaside,2019-08-29,teresastewart@johnston-hurst.com,8665184179,Good
1497,Nathan Barnes,Finance,56,32040,New Stacey,2019-10-27,bestjason@ross-haynes.com,2382269793,Excellent
1824,Eileen Floyd,HR,26,47019,East Heathermouth,2023-08-20,iwebb@cross.com,1163666912,Good
2095,Patrick Butler,IT,35,68001,Greenefort,2024-08-14,ltaylor@gmail.com,1893833403,Excellent
2145,Amanda Long,Finance,45,51106,East Michaelborough,2023-09-14,lneal@robinson-brooks.com,7818516288,Poor
1858,Susan Garcia,Operations,51,40356,South Michaelstad,2021-08-30,contreraskenneth@gmail.com,5638365307,Poor
1884,Mrs. Susan Vasquez,Marketing,25,94226,Port Laurieborough,2025-01-10,mario27@roy.biz,3550429715,Average
1887,Brian Parker,IT,34,115327,Michaelfort,2022-03-14,xhansen@yahoo.com,4480025761,Average
2075,Marie Mitchell,Operations,34,82557,Graymouth,2022-11-25,ryan78@berger.com,8029537555,Average
1509,Christopher Thompson,Finance,24,94907,Lake Timothy,2018-07-16,Invalid Email,9436839975,Average
2047,Angela Ramos,Operations,55,46087,Cherylchester,2018-08-04,rodriguezallison@gmail.com,2494015135,Average
1351,Jennifer Strickland,IT,36,80462,North Juliestad,2018-12-13,kelli97@wheeler.net,Invalid Number,Poor
1460,Bradley Meyer,Sales,33,90669,Richmondview,2018-06-21,wflores@kramer.com,9585198379,Good
1969,Brianna Bailey,Marketing,39,35666,North Kim,2025-08-11,qmarks@lee.com,6172965057,Poor
1083,Laura Woods,Operations,22,66479,Port Richardland,2025-02-07,bakerjudy@barker.com,7960567720,Poor
1009,Jennifer Rhodes,Sales,59,51981,Billymouth,2022-08-25,jonessteven@bennett.org,5860003988,Poor
1921,Anthony Collier,Sales,36,64484,Gomezfort,2025-03-23,charmon@gmail.com,1904228813,Average
2008,Paula Edwards,Sales,24,27797,Michellefort,2023-04-16,amyblackwell@becker-thompson.org,7755626577,Poor
1480,Lisa Walsh,Sales,51,87651,North Kimberlyfort,2025-11-24,kingtammy@hotmail.com,9257742785,Poor
1951,Jessica Meyer,HR,53,111499,New Shannonville,2026-02-11,thomasantonio@davis.com,6711440764,Poor
1315,Andrew Conley,IT,40,50599,Gouldside,2025-12-07,Invalid Email,3131654335,Good
1585,Michelle Davis,Marketing,30,67000,Conwayland,2026-05-23,stevengarcia@brown-ferguson.com,2787577190,Poor
1560,Joseph Christensen,IT,25,66025,New Paul,2019-04-17,mitchelleric@miller.biz,5971909679,Poor
1636,Paul Harris Dds,HR,58,36948,North Nicholasshire,2023-12-25,scott43@hotmail.com,7612727899,Excellent
1055,Mary Morton,Finance,23,72128,Lake Johnburgh,2021-03-11,smithnancy@gmail.com,9738972641,Poor
1633,Henry Christian,IT,42,50032,West Debra,2023-03-20,mrichmond@turner.com,Invalid Number,Poor
1635,Mark Shepard,IT,36,70049,Amberfort,2023-08-03,batessherry@gmail.com,8473177049,Average
1834,Brandon Hernandez,Finance,30,115072,West Greg,2020-05-04,heidi37@james-humphrey.net,4357286412,Good
1983,James Cochran,Marketing,24,31004,New Jodi,2026-04-19,daniel50@yahoo.com,6064811112,Average
1304,Jessica Goodwin,Operations,60,108009,Lawrenceton,2020-07-06,kdavis@kelley.com,4470933215,Average
1625,Tammy Cantrell,HR,27,114951,North Cynthiaberg,2019-04-19,vthomas@hampton-parker.com,3627216321,Excellent
1303,Timothy Cruz,Sales,53,49369,Tracyshire,2021-08-10,jonathonmccarthy@travis.com,1408008476,Excellent
1139,Holly Stewart,IT,48,38806,Johnstonshire,2019-04-22,bkelly@gmail.com,3081985873,Poor
1537,Joshua Meyer Md,IT,21,94244,Port Saramouth,2025-10-01,hwarren@sparks.com,1527004131,Average
1260,Anna Harris,Sales,40,105857,Millerside,2024-07-21,porterjon@yahoo.com,7714082887,Excellent
1977,Felicia Jackson,Finance,35,36518,Jamesburgh,2024-06-06,dmiller@marquez-harris.com,1906622055,Poor
2161,Mr. James Leon,IT,53,55781,New Rachel,2020-12-02,boyertammy@yahoo.com,9435782540,Poor
1662,Lauren Banks,HR,54,82391,Diazstad,2021-10-05,sullivanjonathan@sampson.com,7583387472,Poor
2049,Dennis Smith,HR,60,61673,East Johnborough,2019-10-14,mthomas@yahoo.com,4887671780,Poor
1757,Amanda Hunter,IT,25,78363,Marychester,2023-08-19,zwilliams@gmail.com,8214251877,Excellent
1566,John Clark,Operations,29,91618,North Meaganland,2018-05-11,marilyn29@barton-baldwin.org,3808296992,Poor
1791,Melissa Mcclain,HR,29,110304,Lake Theodore,2023-11-30,kwaters@byrd-white.info,2427878831,Average
1307,Mitchell Wood,Operations,60,91904,New Joshuabury,2019-03-07,cheryl49@norton-jordan.com,4584722422,Average
1067,Darrell Moore,Sales,34,61567,New Daniel,2020-01-30,wroth@anderson-phillips.com,5514373605,Good
1536,Charles Jimenez,Operations,39,89811,Sabrinamouth,2022-03-09,heather23@yahoo.com,Invalid Number,Good
1194,Jared Rivera,Operations,44,48981,Port Jamie,2021-03-16,jenniferbrooks@garrett.info,7795007156,Poor
2076,David Spears,HR,23,70644,North Matthew,2020-07-04,Invalid Email,4800517899,Excellent
1930,Sharon Banks,Sales,22,80682,North Toddhaven,2020-12-29,along@hotmail.com,4252024165,Good
1618,Bryan Bentley,HR,58,107625,North Lauren,2021-10-11,carolynnelson@yahoo.com,4279183992,Average
1623,Hannah Oneal,Finance,23,57305,Portermouth,2022-09-13,Invalid Email,6493698372,Poor
1844,Angela Solis,HR,41,82675,Christopherton,2018-08-17,harrisbrenda@miller.biz,4800677781,Excellent
1925,Johnny Orr,HR,41,31984,Jeremyberg,2023-10-03,ustuart@long.org,8140304455,Poor
1212,Raymond Miller,IT,53,102458,Gregoryberg,2022-09-17,kylemills@gmail.com,6377309376,Excellent
1051,John Garza,HR,29,32622,Lake Dawnmouth,2022-12-05,tommy13@yahoo.com,3152719911,Poor
1225,Brent Rocha,Marketing,42,25225,Wilsonton,2019-11-13,yhebert@hotmail.com,5914910605,Good
2038,George Riley,IT,39,69214,West Joshua,2021-08-08,debrabeasley@hotmail.com,5656201225,Good
1077,Tanya Rodgers,HR,53,49038,Port Claudiaside,2025-10-31,rodrigueztiffany@yahoo.com,6351782464,Good
1503,Mark Gibbs,Sales,40,36356,South Gregoryton,2021-05-24,katrinamoran@hotmail.com,9945752113,Poor
1808,Stephanie Lewis,HR,59,49370,East Emilymouth,2022-08-15,ritterseth@gmail.com,7951831883,Poor
1485,Sharon Page,Operations,31,94814,Angelland,2019-10-01,osimmons@yahoo.com,1011382518,Average
1947,Andrew Robinson,HR,46,69784,Rogersburgh,2020-02-15,Invalid Email,8634998247,Good
1291,Jesus Schmidt,Operations,24,59842,West Michael,2022-08-20,coffeysuzanne@rogers.com,5343561977,Average
2084,Kevin Lee,Marketing,27,60207,Christopherfurt,2022-02-01,ljohnston@gmail.com,2063417136,Average
1196,James Brown,Operations,36,63014,Port Mistychester,2020-11-14,adrienne45@anderson.org,9170128754,Average
1518,Colton Lane,HR,30,43101,North Monique,2019-12-01,rzimmerman@cruz-leblanc.com,3040706126,Good
1513,Zachary Duncan,Operations,58,118204,North Thomasborough,2025-02-09,crystal49@hotmail.com,3180237662,Good
1430,Samuel Walker,Operations,32,77055,Amyport,2020-04-09,cbruce@farley-roberts.info,7471736947,Good
1852,Heather Gordon,Marketing,22,33794,Taylorberg,2024-03-18,pchavez@gmail.com,Invalid Number,Poor
2114,Lance Ross,HR,36,61593,Lindsaychester,2019-08-20,amy63@khan-mullen.org,Invalid Number,Excellent
1288,Jonathan Munoz,Marketing,48,74379,Bennettland,2020-02-23,vyoung@yahoo.com,6319031061,Excellent
1015,Heather Thomas Md,Marketing,40,44638,West Andrewborough,2021-10-07,justin70@yahoo.com,4909196600,Average
1171,Justin Johnson Dvm,IT,31,33090,Hawkinsland,2022-08-16,glindsey@cook-young.org,1435125701,Average
1187,Mrs. Erica Padilla Dds,Marketing,53,69343,West Michelle,2018-12-07,jenniferjames@hotmail.com,2400090869,Excellent
1972,James Edwards,Finance,52,77959,West Christophershire,2023-06-07,kleinpatrick@gmail.com,6305840142,Average
1959,Jeff Ayers,Operations,57,116653,East Jimmyhaven,2022-09-22,allison35@cox.com,1677479271,Excellent
2010,Rachel Palmer,Operations,28,31521,Karenchester,2024-05-18,heather81@rhodes.com,7713452889,Average
1528,Molly Choi,Marketing,30,96550,Richardsonfurt,2020-07-18,castrokathleen@hotmail.com,5003176668,Poor
1443,Carlos Murillo,Marketing,34,75842,New Paula,2023-01-12,andrewburgess@yahoo.com,4373981061,Good
1946,Courtney Stone,Operations,38,85379,Amberburgh,2021-08-01,ronaldmercado@rosario.com,3895630220,Poor
1170,Diane Garcia,Marketing,42,36542,Allenfurt,2022-06-11,hgonzalez@yahoo.com,7069397321,Poor
1242,Thomas Montgomery,Marketing,36,114061,East Dan,2024-09-19,liudennis@yahoo.com,2066881139,Excellent
1371,Andrea Morrison,Finance,42,109126,Pattonville,2019-08-07,shelbykerr@yahoo.com,2861262443,Average
1598,Nathan Gallegos,HR,46,57501,Port Terry,2019-02-05,robersonmark@allen.com,7399779775,Good
1075,Erik Sosa,Finance,44,52165,Latashaland,2020-01-31,billy35@yahoo.com,8389353459,Average
1153,Brenda Lewis,Finance,54,61632,Mistyburgh,2020-07-17,anitacruz@hotmail.com,5895497049,Poor
1899,Valerie Potter,Marketing,41,57311,West Gailchester,2025-06-14,fergusonkayla@gmail.com,6962028051,Good
1819,Victoria Alexander,Finance,40,81781,Lake Tyler,2025-10-05,dbowers@barrett.biz,4110288712,Good
1028,Olivia Edwards,Marketing,21,46406,Stephenhaven,2019-12-31,andersonmichael@gmail.com,Invalid Number,Good
1004,Adam Lee,Finance,30,62790,Hunterstad,2021-10-08,darren16@wood-castaneda.com,8700558846,Excellent
1809,Erica Medina,Sales,45,39695,Jacquelinetown,2023-07-14,ubowman@yahoo.com,4911456924,Excellent
1429,Holly Adams,IT,53,108438,West Timothy,2019-06-23,erik43@hotmail.com,4670803880,Poor
1783,Jessica Morgan,IT,35,103312,East Matthewbury,2025-03-23,daniel89@farley-thomas.com,5965803505,Good
1271,Emily Singh,Operations,50,52163,Tammyton,2024-02-15,pgraves@yahoo.com,7287818303,Poor
1218,Gregory Allen,Finance,27,25963,Lake Nicholas,2019-12-21,phopkins@lawson.com,9578772605,Good
1165,Scott Hernandez,Finance,59,48189,East Jacob,2024-12-02,lanejacob@gmail.com,3661915394,Poor
1035,Elaine Brooks,Marketing,21,51782,Collinsmouth,2024-01-06,chadcontreras@olson.info,6572962194,Excellent
2187,Amanda Small,Marketing,31,88368,East Travis,2019-07-01,richard73@delgado-macias.com,7373789099,Excellent
2174,Pamela Love,Sales,55,33538,Friedmanborough,2022-11-29,dmartin@yahoo.com,8392072268,Average
1406,Stephanie Petty,Sales,47,107128,Port Antonio,2022-02-26,owilliams@harvey-ray.com,6169312843,Good
1836,Sharon Lane,Marketing,29,37341,Bradborough,2023-08-18,bankscynthia@johnson.com,3060528692,Average
1529,Jacob Travis,Marketing,34,99052,Lake Isaacview,2020-11-30,ethan36@yahoo.com,7985301697,Good
2093,Jacob Powell,Operations,46,90810,East William,2025-08-10,iaguilar@smith.com,1356744179,Excellent
1603,Gary Chang,HR,46,119211,Duartemouth,2026-01-28,kbates@gmail.com,8007302827,Excellent
1059,Tracy Cook,HR,31,104669,Williamsborough,2024-08-08,shafferbrett@yahoo.com,3183954152,Good
1681,Tammy Martin,Finance,37,60116,Wongville,2022-09-09,natalie09@gmail.com,9542778342,Good
1335,Brett Mclean,IT,22,28129,Port Markchester,2023-05-24,keith40@gmail.com,1293292177,Excellent
1060,Terry Adams,Marketing,51,85948,Teresahaven,2018-09-14,tshaffer@yahoo.com,9076187392,Good
1025,Tara Reyes Md,Sales,35,81425,Beckside,2020-04-27,npetersen@ferguson.com,4485727672,Poor
1524,Melissa Martinez,Finance,59,57717,South Bryan,2021-10-04,smiller@peters.com,1172614166,Average
1653,Alexandra Wright,Sales,29,67871,Greenehaven,2020-10-16,sharon04@hotmail.com,7583078231,Average
1599,Lauren Carroll,HR,49,104224,Walkerstad,2025-03-12,wfarmer@yahoo.com,5962083001,Poor
1781,Eugene Williams,IT,36,115603,Hardinberg,2024-11-29,alyssa59@oneill-carpenter.net,Invalid Number,Good
1870,Amy Black,IT,28,85520,Smithtown,2022-06-26,kennethpatton@hotmail.com,3404329879,Excellent
1363,Kevin Green,HR,56,67192,Andrewsview,2025-11-18,dawn05@yahoo.com,5895591015,Excellent
1074,Sergio Duran,Sales,25,75083,Jameschester,2018-10-18,juan73@hotmail.com,1621408188,Excellent
1564,Thomas Miller,HR,56,86710,West Timothyborough,2025-03-15,lori35@yahoo.com,4023309035,Average
1634,Kristin Williams,HR,52,72383,South Rebeccachester,2023-11-24,nhall@beck.net,7898885239,Good
1109,David Brown,IT,60,108650,Brookefort,2025-07-26,joseph98@smith.com,8974252413,Excellent
1649,Jill Mays,HR,56,61809,Bethstad,2022-02-01,mfisher@smith-cobb.com,2512453970,Average
2016,Sonya Garcia,Marketing,42,81368,Davisland,2020-12-07,brandyweeks@hotmail.com,Invalid Number,Good
1694,Elizabeth Schneider,HR,28,75631,East Christineburgh,2023-03-26,braydeborah@hotmail.com,3395372293,Poor
1049,Theodore Ramirez,HR,27,45106,East Joseph,2021-03-26,tyler90@brown.com,7099975461,Excellent
1389,Andre Hernandez,HR,59,76768,Lake Tyler,2025-01-21,ojohnson@donovan-simon.com,8681706628,Poor
1723,Michelle Gonzales,Marketing,53,96411,Johnsonside,2025-07-14,lewisderrick@mays-murphy.org,2944141097,Good
1499,Christopher Flores,IT,43,118263,East Michaelchester,2021-03-09,blackvicki@yahoo.com,2448852620,Average
1565,Amy Padilla,Operations,56,46598,Baileystad,2023-11-05,nhoward@jones.com,1044197188,Excellent
1448,Richard Warner,Operations,40,113410,Lake Emily,2022-08-09,howesandra@hill.com,3100894647,Good
1426,Nicholas Dawson,Sales,59,103210,Lake Markbury,2022-08-09,nicole78@hotmail.com,3553503100,Poor
1125,Samantha King,Sales,40,28782,Watsonland,2025-10-19,dmaldonado@hotmail.com,5737847538,Excellent
1678,Mitchell Clark,IT,37,75448,Samuelmouth,2020-05-24,courtney76@brown-macias.com,5318127769,Average
1302,Jerry Holden,Marketing,21,47622,South Alexisshire,2025-05-20,jcole@osborne.com,1561335584,Average
1926,Shannon Dawson,Finance,45,101835,New Kristinaport,2025-08-19,michael02@gmail.com,Invalid Number,Average
1705,Christopher Watson,Finance,43,76802,West Kent,2024-01-28,josephlawrence@yahoo.com,5351800336,Excellent
1073,Jessica Morales,Finance,58,44698,Jenniferville,2020-07-15,oyoung@carpenter.org,2829019390,Good
1178,Michael Roberts,Operations,24,99792,South Williamborough,2019-07-27,john64@fisher-jacobs.com,6991358512,Good
1099,Emily Brown,Sales,28,92995,Karenbury,2026-05-02,heatheroconnor@jensen.info,8865029768,Excellent
1682,Aaron Jordan,Marketing,51,35481,Staceyfort,2021-10-24,bethanykennedy@gmail.com,6994650081,Average
1586,Joshua Hickman,HR,44,51920,Finleyshire,2022-12-06,kphillips@hotmail.com,7950589496,Good
1574,Willie Thomas,Operations,56,89297,Lake Joshuaville,2023-04-04,linda09@hammond-matthews.com,4724485120,Poor
1825,Daniel Frazier,IT,39,49351,Port Samanthatown,2019-12-29,elizabethdixon@yahoo.com,9827487559,Poor
1329,Michelle Ruiz,HR,22,97229,Gregoryside,2019-07-30,rcampbell@gmail.com,4354766408,Poor
1601,Victoria Johnson,Sales,58,96241,New Justinstad,2019-08-26,morganmelissa@davenport.com,3567180012,Average
2057,Dominique Mckee,Operations,43,31544,North Juliaside,2020-11-10,melaniemassey@gmail.com,Invalid Number,Average
1737,Russell Brown,HR,48,86330,Mosleymouth,2022-08-09,jeffreyknight@gmail.com,9131036194,Excellent
1069,Jason Guerrero,IT,33,82320,Grantfurt,2019-01-11,qbrown@reyes.org,5644935748,Poor
1437,Thomas Fields,HR,28,94649,North Monicaport,2023-10-27,bethany37@gmail.com,5514828639,Poor
2102,Norman Johnson,Sales,58,27285,Port Matthew,2026-01-25,Invalid Email,9514500563,Excellent
1813,Destiny Anderson,Operations,32,56471,South Dawn,2022-01-20,lrichard@gmail.com,8921694854,Average
1687,Stephen Fowler,HR,40,36099,Stevenview,2019-07-28,whernandez@edwards.com,6620090330,Good
1346,Mary Brown,Operations,34,111239,Williamsborough,2020-06-30,vfisher@hotmail.com,8722246602,Average
1632,Jon Munoz,HR,23,105920,South Samantha,2018-08-23,jeffreysims@hotmail.com,6427776276,Average
1865,Mark Stuart,Sales,47,107894,Walkerborough,2018-09-07,cwilliams@gmail.com,9563791796,Poor
1203,Maria Clarke,Sales,35,93125,West Sherri,2025-05-15,luis70@williams.com,7309329333,Excellent
1778,Sarah Cooper,Finance,44,114995,East Kevinland,2020-04-17,vpham@griffin-lowe.com,2711311476,Excellent
1640,Steven Owens,HR,31,97006,South Dawn,2024-10-13,paul87@salazar.com,Invalid Number,Poor
